Community,river_name,sample_n,species,date,length,lat,long,stock,FISHES_ID
Chisasibi,,8801,Trout,11-08-2023,,53.402185,-79.010648,Mixed,safoCHIm_8801-23
Chisasibi,,8802,Trout,11-08-2023,,53.402185,-79.010648,Mixed,safoCHIm_8802-23
Chisasibi,,8803,Trout,11-08-2023,,53.402185,-79.010648,Mixed,safoCHIm_8803-23
Chisasibi,,8804,Trout,11-08-2023,,53.402185,-79.010648,Mixed,safoCHIm_8804-23
Chisasibi,,8805,Trout,11-08-2023,,53.402185,-79.010648,Mixed,safoCHIm_8805-23
Chisasibi,,8806,Trout,11-08-2023,,53.402185,-79.010648,Mixed,safoCHIm_8806-23
Chisasibi,,8807,Trout,11-08-2023,,53.402185,-79.010648,Mixed,safoCHIm_8807-23
Chisasibi,,8808,Trout,11-08-2023,,53.402185,-79.010648,Mixed,safoCHIm_8808-23
Chisasibi,,8809,Trout,11-08-2023,,53.402185,-79.010648,Mixed,safoCHIm_8809-23
Chisasibi,,8810,Trout,11-08-2023,,53.402185,-79.010648,Mixed,safoCHIm_8810-23
Chisasibi,,8811,Trout,11-08-2023,,53.402185,-79.010648,Mixed,safoCHIm_8811-23
Chisasibi,,8812,Trout,11-08-2023,,53.402185,-79.010648,Mixed,safoCHIm_8812-23
Chisasibi,,8813,Trout,11-08-2023,,53.402185,-79.010648,Mixed,safoCHIm_8813-23
Chisasibi,,8814,Trout,11-08-2023,,53.402185,-79.010648,Mixed,safoCHIm_8814-23
Chisasibi,,8815,Trout,11-08-2023,,53.402185,-79.010648,Mixed,safoCHIm_8815-23
Chisasibi,,8816,Trout,11-08-2023,,53.402185,-79.010648,Mixed,safoCHIm_8816-23
Chisasibi,,8817,Trout,11-08-2023,,53.402185,-79.010648,Mixed,safoCHIm_8817-23
Chisasibi,,8818,Trout,11-08-2023,,53.402185,-79.010648,Mixed,safoCHIm_8818-23
Chisasibi,,8819,Trout,11-08-2023,,53.402185,-79.010648,Mixed,safoCHIm_8819-23
Chisasibi,,8820,Trout,11-08-2023,,53.402185,-79.010648,Mixed,safoCHIm_8820-23
Chisasibi,,8821,Trout,11-08-2023,,53.402185,-79.010648,Mixed,safoCHIm_8821-23
Chisasibi,,8822,Trout,11-08-2023,,53.402185,-79.010648,Mixed,safoCHIm_8822-23
Chisasibi,,8823,Trout,11-08-2023,,53.402185,-79.010648,Mixed,safoCHIm_8823-23
Chisasibi,,8824,Trout,11-08-2023,,53.402185,-79.010648,Mixed,safoCHIm_8824-23
Chisasibi,,8825,Trout,11-08-2023,,53.402185,-79.010648,Mixed,safoCHIm_8825-23
Chisasibi,,8826,Trout,11-08-2023,,53.402185,-79.010648,Mixed,safoCHIm_8826-23
Chisasibi,,8827,Trout,11-08-2023,,53.402185,-79.010648,Mixed,safoCHIm_8827-23
Chisasibi,,8828,Trout,11-08-2023,,53.402185,-79.010648,Mixed,safoCHIm_8828-23
Chisasibi,,8829,Trout,11-08-2023,,53.402185,-79.010648,Mixed,safoCHIm_8829-23
Chisasibi,,8830,Trout,11-08-2023,,53.402185,-79.010648,Mixed,safoCHIm_8830-23
Chisasibi,,8831,Trout,11-08-2023,,53.402185,-79.010648,Mixed,safoCHIm_8831-23
Chisasibi,,8832,Trout,11-08-2023,,53.402185,-79.010648,Mixed,safoCHIm_8832-23
Chisasibi,,8833,Trout,11-08-2023,,53.402185,-79.010648,Mixed,safoCHIm_8833-23
Chisasibi,,8834,Trout,11-08-2023,,53.402185,-79.010648,Mixed,safoCHIm_8834-23
Chisasibi,,8835,Trout,11-08-2023,,53.402185,-79.010648,Mixed,safoCHIm_8835-23
Chisasibi,,8836,Trout,11-08-2023,,53.402185,-79.010648,Mixed,safoCHIm_8836-23
Chisasibi,,8837,Trout,11-08-2023,,53.402185,-79.010648,Mixed,safoCHIm_8837-23
Chisasibi,,8838,Trout,11-08-2023,,53.402185,-79.010648,Mixed,safoCHIm_8838-23
Chisasibi,,8839,Trout,11-08-2023,,53.402185,-79.010648,Mixed,safoCHIm_8839-23
Chisasibi,,8840,Trout,11-08-2023,,53.402185,-79.010648,Mixed,safoCHIm_8840-23
Chisasibi,,8841,Trout,11-08-2023,,53.402185,-79.010648,Mixed,safoCHIm_8841-23
Chisasibi,,8842,Trout,11-08-2023,,53.402185,-79.010648,Mixed,safoCHIm_8842-23
Chisasibi,,8843,Trout,11-08-2023,,53.402185,-79.010648,Mixed,safoCHIm_8843-23
Chisasibi,,8844,Trout,11-08-2023,,53.402185,-79.010648,Mixed,safoCHIm_8844-23
Chisasibi,,8845,Trout,11-08-2023,,53.402185,-79.010648,Mixed,safoCHIm_8845-23
Chisasibi,,9416,Whitefish,11-08-2023,,53.402185,-79.010648,Mixed,coclCHIm_9416-23
Chisasibi,,9417,Whitefish,11-08-2023,,53.402185,-79.010648,Mixed,coclCHIm_9417-23
Chisasibi,,9418,Whitefish,11-08-2023,,53.402185,-79.010648,Mixed,coclCHIm_9418-23
Chisasibi,,9419,Whitefish,11-08-2023,,53.402185,-79.010648,Mixed,coclCHIm_9419-23
Chisasibi,,9420,Whitefish,11-08-2023,,53.402185,-79.010648,Mixed,coclCHIm_9420-23
Chisasibi,,9421,Whitefish,11-08-2023,,53.402185,-79.010648,Mixed,coclCHIm_9421-23
Chisasibi,,9422,Whitefish,11-08-2023,,53.402185,-79.010648,Mixed,coclCHIm_9422-23
Chisasibi,,9423,Whitefish,11-08-2023,,53.402185,-79.010648,Mixed,coclCHIm_9423-23
Chisasibi,,9424,Whitefish,11-08-2023,,53.402185,-79.010648,Mixed,coclCHIm_9424-23
Chisasibi,,9425,Whitefish,11-08-2023,,53.402185,-79.010648,Mixed,coclCHIm_9425-23
Chisasibi,,9426,Whitefish,11-08-2023,,53.402185,-79.010648,Mixed,coclCHIm_9426-23
Chisasibi,,9427,Whitefish,11-08-2023,,53.402185,-79.010648,Mixed,coclCHIm_9427-23
Chisasibi,,9428,Whitefish,11-08-2023,,53.402185,-79.010648,Mixed,coclCHIm_9428-23
Chisasibi,,9429,Whitefish,11-08-2023,,53.402185,-79.010648,Mixed,coclCHIm_9429-23
Chisasibi,,9430,Whitefish,11-08-2023,,53.402185,-79.010648,Mixed,coclCHIm_9430-23
Chisasibi,,9431,Whitefish,11-08-2023,,53.402185,-79.010648,Mixed,coclCHIm_9431-23
Chisasibi,,9432,Whitefish,11-08-2023,,53.402185,-79.010648,Mixed,coclCHIm_9432-23
Chisasibi,,9433,Whitefish,11-08-2023,,53.402185,-79.010648,Mixed,coclCHIm_9433-23
Chisasibi,,9434,Whitefish,11-08-2023,,53.402185,-79.010648,Mixed,coclCHIm_9434-23
Chisasibi,,9435,Whitefish,11-08-2023,,53.402185,-79.010648,Mixed,coclCHIm_9435-23
Chisasibi,,9436,Whitefish,11-08-2023,,53.402185,-79.010648,Mixed,coclCHIm_9436-23
Chisasibi,,9437,Whitefish,11-08-2023,,53.402185,-79.010648,Mixed,coclCHIm_9437-23
Chisasibi,,9438,Whitefish,11-08-2023,,53.402185,-79.010648,Mixed,coclCHIm_9438-23
Chisasibi,,9439,Whitefish,11-08-2023,,53.402185,-79.010648,Mixed,coclCHIm_9439-23
Chisasibi,,9440,Whitefish,11-08-2023,,53.402185,-79.010648,Mixed,coclCHIm_9440-23
Chisasibi,,9441,Whitefish,11-08-2023,,53.402185,-79.010648,Mixed,coclCHIm_9441-23
Chisasibi,,9442,Whitefish,11-08-2023,,53.402185,-79.010648,Mixed,coclCHIm_9442-23
Chisasibi,,9443,Whitefish,11-08-2023,,53.402185,-79.010648,Mixed,coclCHIm_9443-23
Chisasibi,,9444,Whitefish,11-08-2023,,53.402185,-79.010648,Mixed,coclCHIm_9444-23
Chisasibi,,9445,Whitefish,11-08-2023,,53.402185,-79.010648,Mixed,coclCHIm_9445-23
Chisasibi,,9446,Whitefish,11-08-2023,,53.402185,-79.010648,Mixed,coclCHIm_9446-23
Chisasibi,,9447,Whitefish,11-08-2023,,53.402185,-79.010648,Mixed,coclCHIm_9447-23
Chisasibi,,9448,Whitefish,11-08-2023,,53.402185,-79.010648,Mixed,coclCHIm_9448-23
Chisasibi,,9449,Whitefish,11-08-2023,,53.402185,-79.010648,Mixed,coclCHIm_9449-23
Chisasibi,,9450,Whitefish,11-08-2023,,53.402185,-79.010648,Mixed,coclCHIm_9450-23
Chisasibi,,9451,Whitefish,11-08-2023,,53.402185,-79.010648,Mixed,coclCHIm_9451-23
Chisasibi,,9452,Whitefish,11-08-2023,,53.402185,-79.010648,Mixed,coclCHIm_9452-23
Chisasibi,,9453,Whitefish,11-08-2023,,53.402185,-79.010648,Mixed,coclCHIm_9453-23
Chisasibi,,9454,Whitefish,11-08-2023,,53.402185,-79.010648,Mixed,coclCHIm_9454-23
Chisasibi,,9455,Whitefish,11-08-2023,,53.402185,-79.010648,Mixed,coclCHIm_9455-23
Chisasibi,,9456,Whitefish,11-08-2023,,53.402185,-79.010648,Mixed,coclCHIm_9456-23
Chisasibi,,9457,Whitefish,11-08-2023,,53.402185,-79.010648,Mixed,coclCHIm_9457-23
Chisasibi,,9458,Whitefish,11-08-2023,,53.402185,-79.010648,Mixed,coclCHIm_9458-23
Chisasibi,,9459,Whitefish,11-08-2023,,53.402185,-79.010648,Mixed,coclCHIm_9459-23
Chisasibi,,9460,Whitefish,11-08-2023,,53.402185,-79.010648,Mixed,coclCHIm_9460-23
Chisasibi,,9461,Whitefish,11-08-2023,,53.402185,-79.010648,Mixed,coclCHIm_9461-23
Chisasibi,,9462,Whitefish,11-08-2023,,53.402185,-79.010648,Mixed,coclCHIm_9462-23
Chisasibi,,9463,Whitefish,11-08-2023,,53.402185,-79.010648,Mixed,coclCHIm_9463-23
Chisasibi,,9464,Whitefish,11-08-2023,,53.402185,-79.010648,Mixed,coclCHIm_9464-23
Chisasibi,,9465,Whitefish,11-08-2023,,53.402185,-79.010648,Mixed,coclCHIm_9465-23
Chisasibi,,9466,Whitefish,12-08-2023,,53.402185,-79.010648,Mixed,coclCHIm_9466-23
Chisasibi,,9467,Whitefish,12-08-2023,,53.402185,-79.010648,Mixed,coclCHIm_9467-23
Chisasibi,,9468,Whitefish,12-08-2023,,53.402185,-79.010648,Mixed,coclCHIm_9468-23
Chisasibi,,9469,Whitefish,12-08-2023,,53.402185,-79.010648,Mixed,coclCHIm_9469-23
Chisasibi,,9470,Whitefish,12-08-2023,,53.402185,-79.010648,Mixed,coclCHIm_9470-23
Chisasibi,,9471,Whitefish,12-08-2023,,53.402185,-79.010648,Mixed,coclCHIm_9471-23
Chisasibi,,9472,Whitefish,12-08-2023,,53.402185,-79.010648,Mixed,coclCHIm_9472-23
Chisasibi,,9473,Whitefish,12-08-2023,,53.402185,-79.010648,Mixed,coclCHIm_9473-23
Chisasibi,,9474,Whitefish,12-08-2023,,53.402185,-79.010648,Mixed,coclCHIm_9474-23
Chisasibi,,9475,Whitefish,12-08-2023,,53.402185,-79.010648,Mixed,coclCHIm_9475-23
Chisasibi,,9476,Whitefish,12-08-2023,,53.402185,-79.010648,Mixed,coclCHIm_9476-23
Chisasibi,,9477,Whitefish,12-08-2023,,53.402185,-79.010648,Mixed,coclCHIm_9477-23
Chisasibi,,9478,Whitefish,12-08-2023,,53.402185,-79.010648,Mixed,coclCHIm_9478-23
Chisasibi,,9479,Whitefish,12-08-2023,,53.402185,-79.010648,Mixed,coclCHIm_9479-23
Chisasibi,,9480,Whitefish,12-08-2023,,53.402185,-79.010648,Mixed,coclCHIm_9480-23
Chisasibi,,9481,Whitefish,12-08-2023,,53.402185,-79.010648,Mixed,coclCHIm_9481-23
Chisasibi,,9482,Whitefish,12-08-2023,,53.402185,-79.010648,Mixed,coclCHIm_9482-23
Chisasibi,,9483,Whitefish,12-08-2023,,53.402185,-79.010648,Mixed,coclCHIm_9483-23
Chisasibi,,9484,Whitefish,12-08-2023,,53.402185,-79.010648,Mixed,coclCHIm_9484-23
Chisasibi,,9485,Whitefish,12-08-2023,,53.402185,-79.010648,Mixed,coclCHIm_9485-23
Chisasibi,,9486,Whitefish,12-08-2023,,53.402185,-79.010648,Mixed,coclCHIm_9486-23
Chisasibi,,9487,Whitefish,12-08-2023,,53.402185,-79.010648,Mixed,coclCHIm_9487-23
Chisasibi,,9488,Whitefish,12-08-2023,,53.402185,-79.010648,Mixed,coclCHIm_9488-23
Chisasibi,,9489,Whitefish,12-08-2023,,53.402185,-79.010648,Mixed,coclCHIm_9489-23
Chisasibi,,9490,Whitefish,12-08-2023,,53.402185,-79.010648,Mixed,coclCHIm_9490-23
Chisasibi,,9491,Cisco,11-08-2023,,53.402185,-79.010648,Mixed,coarCHIm_9491-23
Chisasibi,,9492,Cisco,11-08-2023,,53.402185,-79.010648,Mixed,coarCHIm_9492-23
Chisasibi,,9493,Cisco,11-08-2023,,53.402185,-79.010648,Mixed,coarCHIm_9493-23
Chisasibi,,9494,Cisco,11-08-2023,,53.402185,-79.010648,Mixed,coarCHIm_9494-23
Chisasibi,,9495,Cisco,11-08-2023,,53.402185,-79.010648,Mixed,coarCHIm_9495-23
Chisasibi,,9496,Cisco,11-08-2023,,53.402185,-79.010648,Mixed,coarCHIm_9496-23
Chisasibi,,9497,Cisco,11-08-2023,,53.402185,-79.010648,Mixed,coarCHIm_9497-23
Chisasibi,,9498,Cisco,11-08-2023,,53.402185,-79.010648,Mixed,coarCHIm_9498-23
Chisasibi,,9499,Cisco,11-08-2023,,53.402185,-79.010648,Mixed,coarCHIm_9499-23
Chisasibi,,9500,Cisco,11-08-2023,,53.402185,-79.010648,Mixed,coarCHIm_9500-23
Chisasibi,,9501,Cisco,11-08-2023,,53.402185,-79.010648,Mixed,coarCHIm_9501-23
Chisasibi,,9502,Cisco,11-08-2023,,53.402185,-79.010648,Mixed,coarCHIm_9502-23
Chisasibi,,9503,Cisco,11-08-2023,,53.402185,-79.010648,Mixed,coarCHIm_9503-23
Chisasibi,,9504,Cisco,11-08-2023,,53.402185,-79.010648,Mixed,coarCHIm_9504-23
Chisasibi,,9505,Cisco,11-08-2023,,53.402185,-79.010648,Mixed,coarCHIm_9505-23
Chisasibi,,9506,Cisco,11-08-2023,,53.402185,-79.010648,Mixed,coarCHIm_9506-23
Chisasibi,,9507,Cisco,11-08-2023,,53.402185,-79.010648,Mixed,coarCHIm_9507-23
Chisasibi,,9508,Cisco,11-08-2023,,53.402185,-79.010648,Mixed,coarCHIm_9508-23
Chisasibi,,9509,Cisco,11-08-2023,,53.402185,-79.010648,Mixed,coarCHIm_9509-23
Chisasibi,,9510,Cisco,11-08-2023,,53.402185,-79.010648,Mixed,coarCHIm_9510-23
Chisasibi,,9511,Cisco,11-08-2023,,53.402185,-79.010648,Mixed,coarCHIm_9511-23
Chisasibi,,9512,Cisco,11-08-2023,,53.402185,-79.010648,Mixed,coarCHIm_9512-23
Chisasibi,,9513,Cisco,11-08-2023,,53.402185,-79.010648,Mixed,coarCHIm_9513-23
Chisasibi,,9514,Cisco,11-08-2023,,53.402185,-79.010648,Mixed,coarCHIm_9514-23
Chisasibi,,9515,Cisco,11-08-2023,,53.402185,-79.010648,Mixed,coarCHIm_9515-23
Chisasibi,,9516,Trout,12-08-2023,,53.402185,-79.010648,Mixed,safoCHIm_9516-23
Chisasibi,,9517,Trout,12-08-2023,,53.402185,-79.010648,Mixed,safoCHIm_9517-23
Chisasibi,,9518,Trout,12-08-2023,,53.402185,-79.010648,Mixed,safoCHIm_9518-23
Chisasibi,,9519,Trout,12-08-2023,,53.402185,-79.010648,Mixed,safoCHIm_9519-23
Chisasibi,,9520,Trout,12-08-2023,,53.402185,-79.010648,Mixed,safoCHIm_9520-23
Chisasibi,,M10,Cisco,12-08-2023,,53.402185,-79.010648,Mixed,coarCHIm_M10-23
Chisasibi,,M11,Cisco,12-08-2023,,53.402185,-79.010648,Mixed,coarCHIm_M11-23
Chisasibi,,M12,Cisco,12-08-2023,,53.402185,-79.010648,Mixed,coarCHIm_M12-23
Chisasibi,,M13,Cisco,12-08-2023,,53.402185,-79.010648,Mixed,coarCHIm_M13-23
Chisasibi,,M14,Cisco,12-08-2023,,53.402185,-79.010648,Mixed,coarCHIm_M14-23
Chisasibi,,M15,Cisco,12-08-2023,,53.402185,-79.010648,Mixed,coarCHIm_M15-23
Chisasibi,,M16,Cisco,12-08-2023,,53.402185,-79.010648,Mixed,coarCHIm_M16-23
Chisasibi,,M17,Cisco,12-08-2023,,53.402185,-79.010648,Mixed,coarCHIm_M17-23
Chisasibi,,M18,Cisco,12-08-2023,,53.402185,-79.010648,Mixed,coarCHIm_M18-23
Chisasibi,,M19,Cisco,12-08-2023,,53.402185,-79.010648,Mixed,coarCHIm_M19-23
Chisasibi,,M20,Cisco,12-08-2023,,53.402185,-79.010648,Mixed,coarCHIm_M20-23
Chisasibi,,M21,Cisco,12-08-2023,,53.402185,-79.010648,Mixed,coarCHIm_M21-23
Chisasibi,,M22,Cisco,12-08-2023,,53.402185,-79.010648,Mixed,coarCHIm_M22-23
Chisasibi,,M23,Cisco,12-08-2023,,53.402185,-79.010648,Mixed,coarCHIm_M23-23
Chisasibi,,M24,Cisco,12-08-2023,,53.402185,-79.010648,Mixed,coarCHIm_M24-23
Chisasibi,,M25,Cisco,12-08-2023,,53.402185,-79.010648,Mixed,coarCHIm_M25-23
Chisasibi,,M26,Cisco,12-08-2023,,53.402185,-79.010648,Mixed,coarCHIm_M26-23
Chisasibi,,M27,Cisco,12-08-2023,,53.402185,-79.010648,Mixed,coarCHIm_M27-23
Chisasibi,,M28,Cisco,12-08-2023,,53.402185,-79.010648,Mixed,coarCHIm_M28-23
Chisasibi,,M29,Cisco,12-08-2023,,53.402185,-79.010648,Mixed,coarCHIm_M29-23
Chisasibi,,M30,Cisco,12-08-2023,,53.402185,-79.010648,Mixed,coarCHIm_M30-23
Chisasibi,,M31,Cisco,12-08-2023,,53.402185,-79.010648,Mixed,coarCHIm_M31-23
Chisasibi,,M32,Cisco,12-08-2023,,53.402185,-79.010648,Mixed,coarCHIm_M32-23
Chisasibi,,M33,Cisco,12-08-2023,,53.402185,-79.010648,Mixed,coarCHIm_M33-23
Chisasibi,,M34,Cisco,12-08-2023,,53.402185,-79.010648,Mixed,coarCHIm_M34-23
Chisasibi,,M35,Cisco,12-08-2023,,53.402185,-79.010648,Mixed,coarCHIm_M35-23
Chisasibi,,M36,Cisco,12-08-2023,,53.402185,-79.010648,Mixed,coarCHIm_M36-23
Chisasibi,,M37,Cisco,12-08-2023, ,53.402185,-79.010648,Mixed,coarCHIm_M37-23
Chisasibi,,M38,Cisco,12-08-2023, ,53.402185,-79.010648,Mixed,coarCHIm_M38-23
Chisasibi,,M39,Cisco,12-08-2023, ,53.402185,-79.010648,Mixed,coarCHIm_M39-23
Chisasibi,,M40,Cisco,13-08-2023, ,53.402185,-79.010648,Mixed,coarCHIm_M40-23
Chisasibi,,M41,Cisco,13-08-2023,,53.402185,-79.010648,Mixed,coarCHIm_M41-23
Chisasibi,,M42,Cisco,13-08-2023,,53.402185,-79.010648,Mixed,coarCHIm_M42-23
Chisasibi,,M43,Cisco,13-08-2023,,53.402185,-79.010648,Mixed,coarCHIm_M43-23
Chisasibi,,M44,Cisco,13-08-2023,,53.402185,-79.010648,Mixed,coarCHIm_M44-23
Chisasibi,,M45,Cisco,13-08-2023,,53.402185,-79.010648,Mixed,coarCHIm_M45-23
Chisasibi,,M45,Cisco,13-08-2023,,53.402185,-79.010648,Mixed,coarCHIm_M45-23
Chisasibi,,M46,Cisco,13-08-2023,,53.402185,-79.010648,Mixed,coarCHIm_M46-23
Chisasibi,,M47,Cisco,13-08-2023,,53.402185,-79.010648,Mixed,coarCHIm_M47-23
Chisasibi,,M48,Cisco,13-08-2023,,53.402185,-79.010648,Mixed,coarCHIm_M48-23
Chisasibi,,M49,Cisco,13-08-2023,,53.402185,-79.010648,Mixed,coarCHIm_M49-23
Chisasibi,,M50,Cisco,13-08-2023,,53.402185,-79.010648,Mixed,coarCHIm_M50-23
Chisasibi,,M51,Cisco,13-08-2023,,53.402185,-79.010648,Mixed,coarCHIm_M51-23
Chisasibi,,M52,Cisco,13-08-2023,,53.402185,-79.010648,Mixed,coarCHIm_M52-23
Chisasibi,,M53,Cisco,13-08-2023,,53.402185,-79.010648,Mixed,coarCHIm_M53-23
Chisasibi,,M54,Cisco,13-08-2023,,53.402185,-79.010648,Mixed,coarCHIm_M54-23
Chisasibi,,M55,Cisco,13-08-2023,,53.402185,-79.010648,Mixed,coarCHIm_M55-23
Chisasibi,,M56,Cisco,13-08-2023,,53.402185,-79.010648,Mixed,coarCHIm_M56-23
Chisasibi,,M57,Cisco,13-08-2023,,53.402185,-79.010648,Mixed,coarCHIm_M57-23
Chisasibi,,M58,Cisco,13-08-2023,,53.402185,-79.010648,Mixed,coarCHIm_M58-23
Chisasibi,,M59,Cisco,13-08-2023,,53.402185,-79.010648,Mixed,coarCHIm_M59-23
Chisasibi,,M6,Cisco,12-08-2023,,53.402185,-79.010648,Mixed,coarCHIm_M6-23
Chisasibi,,M60,Cisco,13-08-2023,,53.402185,-79.010648,Mixed,coarCHIm_M60-23
Chisasibi,,M61,Cisco,13-08-2023,,53.402185,-79.010648,Mixed,coarCHIm_M61-23
Chisasibi,,M62,Cisco,13-08-2023,,53.402185,-79.010648,Mixed,coarCHIm_M62-23
Chisasibi,,M63,Cisco,13-08-2023,,53.402185,-79.010648,Mixed,coarCHIm_M63-23
Chisasibi,,M64,Cisco,13-08-2023,,53.402185,-79.010648,Mixed,coarCHIm_M64-23
Chisasibi,,M65,Cisco,13-08-2023,,53.402185,-79.010648,Mixed,coarCHIm_M65-23
Chisasibi,,M66,Cisco,13-08-2023,,53.402185,-79.010648,Mixed,coarCHIm_M66-23
Chisasibi,,M67,Cisco,13-08-2023,,53.402185,-79.010648,Mixed,coarCHIm_M67-23
Chisasibi,,M68,Cisco,13-08-2023,,53.402185,-79.010648,Mixed,coarCHIm_M68-23
Chisasibi,,M69,Cisco,13-08-2023,,53.402185,-79.010648,Mixed,coarCHIm_M69-23
Chisasibi,,M7,Cisco,12-08-2023,,53.402185,-79.010648,Mixed,coarCHIm_M7-23
Chisasibi,,M70,Cisco,13-08-2023,,53.402185,-79.010648,Mixed,coarCHIm_M70-23
Chisasibi,,M71,Cisco,13-08-2023,,53.402185,-79.010648,Mixed,coarCHIm_M71-23
Chisasibi,,M72,Cisco,13-08-2023,,53.402185,-79.010648,Mixed,coarCHIm_M72-23
Chisasibi,,M8,Cisco,12-08-2023,,53.402185,-79.010648,Mixed,coarCHIm_M8-23
Chisasibi,,M9,Cisco,12-08-2023,,53.402185,-79.010648,Mixed,coarCHIm_M9-23
Eastmain,Fishing River,8846,Trout,02-03-2023,220,52.257712,-78.431211,Source,safoEASm_8846-23
Eastmain,Fishing River,8847,Trout,02-03-2023,225,52.257712,-78.431211,Source,safoEASm_8847-23
Eastmain,Fishing River,8848,Trout,02-03-2023,284,52.257712,-78.431211,Source,safoEASm_8848-23
Eastmain,Fishing River,8849,Trout,02-03-2023,229,52.257712,-78.431211,Source,safoEASm_8849-23
Eastmain,Fishing River,8850,Trout,02-03-2023,251,52.257712,-78.431211,Source,safoEASm_8850-23
Eastmain,Fishing River,8851,Trout,02-03-2023,218,52.257712,-78.431211,Source,safoEASm_8851-23
Eastmain,Fishing River,8852,Trout,02-03-2023,416,52.257712,-78.431211,Source,safoEASm_8852-23
Eastmain,Fishing River,8853,Trout,02-03-2023,239,52.257712,-78.431211,Source,safoEASm_8853-23
Eastmain,Fishing River,8854,Trout,02-03-2023,210,52.257712,-78.431211,Source,safoEASm_8854-23
Eastmain,Fishing River,8855,Trout,02-03-2023,257,52.257712,-78.431211,Source,safoEASm_8855-23
Eastmain,Fishing River,8856,Trout,02-03-2023,237,52.257712,-78.431211,Source,safoEASm_8856-23
Eastmain,Fishing River,8857,Trout,02-03-2023,252,52.257712,-78.431211,Source,safoEASm_8857-23
Eastmain,Fishing River,8858,Trout,02-03-2023,208,52.257712,-78.431211,Source,safoEASm_8858-23
Eastmain,Fishing River,8859,Trout,02-03-2023,200,52.257712,-78.431211,Source,safoEASm_8859-23
Eastmain,Fishing River,8860,Trout,02-03-2023,207,52.257712,-78.431211,Source,safoEASm_8860-23
Eastmain,Fishing River,8861,Trout,02-03-2023,245,52.257712,-78.431211,Source,safoEASm_8861-23
Eastmain,Fishing River,8862,Trout,02-03-2023,214,52.257712,-78.431211,Source,safoEASm_8862-23
Eastmain,Fishing River,8863,Trout,02-03-2023,222,52.257712,-78.431211,Source,safoEASm_8863-23
Eastmain,Fishing River,8864,Trout,02-03-2023,259,52.257712,-78.431211,Source,safoEASm_8864-23
Eastmain,Fishing River,8865,Trout,02-03-2023,215,52.257712,-78.431211,Source,safoEASm_8865-23
Eastmain,Fishing River,8866,Trout,02-03-2023,226,52.257712,-78.431211,Source,safoEASm_8866-23
Eastmain,Fishing River,8867,Trout,02-03-2023,187,52.257712,-78.431211,Source,safoEASm_8867-23
Eastmain,Fishing River,8868,Trout,02-03-2023,206,52.257712,-78.431211,Source,safoEASm_8868-23
Eastmain,Fishing River,8869,Trout,02-03-2023,282,52.257712,-78.431211,Source,safoEASm_8869-23
Eastmain,Fishing River,8870,Trout,02-03-2023,294,52.257712,-78.431211,Source,safoEASm_8870-23
Eastmain,Fishing River,8871,Trout,02-03-2023,187,52.257712,-78.431211,Source,safoEASm_8871-23
Eastmain,Fishing River,8872,Trout,02-03-2023,178,52.257712,-78.431211,Source,safoEASm_8872-23
Eastmain,Fishing River,8873,Trout,02-03-2023,196,52.257712,-78.431211,Source,safoEASm_8873-23
Eastmain,Fishing River,8874,Trout,02-03-2023,262,52.257712,-78.431211,Source,safoEASm_8874-23
Eastmain,Fishing River,8875,Trout,02-03-2023,200,52.257712,-78.431211,Source,safoEASm_8875-23
Eastmain,Fishing River,8876,Trout,02-03-2023,204,52.257712,-78.431211,Source,safoEASm_8876-23
Eastmain,Fishing River,8877,Trout,02-03-2023,165,52.257712,-78.431211,Source,safoEASm_8877-23
Eastmain,Fishing River,8878,Trout,02-03-2023,198,52.257712,-78.431211,Source,safoEASm_8878-23
Eastmain,Fishing River,8879,Trout,02-03-2023,197,52.257712,-78.431211,Source,safoEASm_8879-23
Eastmain,Fishing River,8880,Trout,02-03-2023,199,52.257712,-78.431211,Source,safoEASm_8880-23
Eastmain,Fishing River,8881,Trout,02-03-2023,186,52.257712,-78.431211,Source,safoEASm_8881-23
Eastmain,Fishing River,8882,Trout,04-03-2023,237,52.257712,-78.431211,Source,safoEASm_8882-23
Eastmain,Fishing River,8883,Trout,04-03-2023,210,52.257712,-78.431211,Source,safoEASm_8883-23
Eastmain,Fishing River,8884,Trout,04-03-2023,219,52.257712,-78.431211,Source,safoEASm_8884-23
Eastmain,Fishing River,8885,Trout,04-03-2023,238,52.257712,-78.431211,Source,safoEASm_8885-23
Eastmain,Fishing River,8886,Trout,04-03-2023,253,52.257712,-78.431211,Source,safoEASm_8886-23
Eastmain,Fishing River,8887,Trout,04-03-2023,301,52.257712,-78.431211,Source,safoEASm_8887-23
Eastmain,Fishing River,8888,Trout,04-03-2023,256,52.257712,-78.431211,Source,safoEASm_8888-23
Eastmain,Fishing River,8889,Trout,04-03-2023,293,52.257712,-78.431211,Source,safoEASm_8889-23
Eastmain,Fishing River,8890,Trout,04-03-2023,262,52.257712,-78.431211,Source,safoEASm_8890-23
Eastmain,Fishing River,8891,Trout,04-03-2023,279,52.257712,-78.431211,Source,safoEASm_8891-23
Eastmain,Fishing River,8892,Trout,04-03-2023,255,52.257712,-78.431211,Source,safoEASm_8892-23
Eastmain,Fishing River,8893,Trout,04-03-2023,219,52.257712,-78.431211,Source,safoEASm_8893-23
Eastmain,Fishing River,8894,Trout,04-03-2023,241,52.257712,-78.431211,Source,safoEASm_8894-23
Eastmain,Fishing River,8895,Trout,04-03-2023,230,52.257712,-78.431211,Source,safoEASm_8895-23
Eastmain,Willow Island,BTM100,Trout,24-08-2023,425,52.274492,-78.56584,Mixed,safoEASm_100-23
Eastmain,Willow Island,BTM51,Trout,24-08-2023,359,52.274492,-78.56584,Mixed,safoEASm_51-23
Eastmain,Willow Island,BTM52,Trout,24-08-2023,353,52.274492,-78.56584,Mixed,safoEASm_52-23
Eastmain,Willow Island,BTM53,Trout,24-08-2023,409,52.274492,-78.56584,Mixed,safoEASm_53-23
Eastmain,Willow Island,BTM54,Trout,24-08-2023,375,52.274492,-78.56584,Mixed,safoEASm_54-23
Eastmain,Willow Island,BTM55,Trout,24-08-2023,458,52.274492,-78.56584,Mixed,safoEASm_55-23
Eastmain,Willow Island,BTM56,Trout,24-08-2023,370,52.274492,-78.56584,Mixed,safoEASm_56-23
Eastmain,Willow Island,BTM57,Trout,24-08-2023,369,52.274492,-78.56584,Mixed,safoEASm_57-23
Eastmain,Willow Island,BTM58,Trout,24-08-2023,403,52.274492,-78.56584,Mixed,safoEASm_58-23
Eastmain,Willow Island,BTM59,Trout,24-08-2023,361,52.274492,-78.56584,Mixed,safoEASm_59-23
Eastmain,Willow Island,BTM60,Trout,24-08-2023,346,52.274492,-78.56584,Mixed,safoEASm_60-23
Eastmain,Willow Island,BTM61,Trout,24-08-2023,406,52.274492,-78.56584,Mixed,safoEASm_61-23
Eastmain,Willow Island,BTM62,Trout,24-08-2023,380,52.274492,-78.56584,Mixed,safoEASm_62-23
Eastmain,Willow Island,BTM63,Trout,24-08-2023,486,52.274492,-78.56584,Mixed,safoEASm_63-23
Eastmain,Willow Island,BTM64,Trout,24-08-2023,346,52.274492,-78.56584,Mixed,safoEASm_64-23
Eastmain,Willow Island,BTM65,Trout,24-08-2023,407,52.274492,-78.56584,Mixed,safoEASm_65-23
Eastmain,Willow Island,BTM66,Trout,24-08-2023,405,52.274492,-78.56584,Mixed,safoEASm_66-23
Eastmain,Willow Island,BTM67,Trout,24-08-2023,465,52.274492,-78.56584,Mixed,safoEASm_67-23
Eastmain,Willow Island,BTM68,Trout,24-08-2023,379,52.274492,-78.56584,Mixed,safoEASm_68-23
Eastmain,Willow Island,BTM69,Trout,24-08-2023,368,52.274492,-78.56584,Mixed,safoEASm_69-23
Eastmain,Willow Island,BTM70,Trout,24-08-2023,435,52.274492,-78.56584,Mixed,safoEASm_70-23
Eastmain,Willow Island,BTM71,Trout,24-08-2023,420,52.274492,-78.56584,Mixed,safoEASm_71-23
Eastmain,Willow Island,BTM72,Trout,24-08-2023,456,52.274492,-78.56584,Mixed,safoEASm_72-23
Eastmain,Willow Island,BTM73,Trout,24-08-2023,364,52.274492,-78.56584,Mixed,safoEASm_73-23
Eastmain,Willow Island,BTM74,Trout,24-08-2023,365,52.274492,-78.56584,Mixed,safoEASm_74-23
Eastmain,Willow Island,BTM75,Trout,24-08-2023,375,52.274492,-78.56584,Mixed,safoEASm_75-23
Eastmain,Willow Island,BTM76,Trout,24-08-2023,457,52.274492,-78.56584,Mixed,safoEASm_76-23
Eastmain,Willow Island,BTM77,Trout,24-08-2023,359,52.274492,-78.56584,Mixed,safoEASm_77-23
Eastmain,Willow Island,BTM78,Trout,24-08-2023,402,52.274492,-78.56584,Mixed,safoEASm_78-23
Eastmain,Willow Island,BTM79,Trout,24-08-2023,421,52.274492,-78.56584,Mixed,safoEASm_79-23
Eastmain,Willow Island,BTM80,Trout,24-08-2023,389,52.274492,-78.56584,Mixed,safoEASm_80-23
Eastmain,Willow Island,BTM81,Trout,24-08-2023,405,52.274492,-78.56584,Mixed,safoEASm_81-23
Eastmain,Willow Island,BTM82,Trout,24-08-2023,419,52.274492,-78.56584,Mixed,safoEASm_82-23
Eastmain,Willow Island,BTM83,Trout,24-08-2023,363,52.274492,-78.56584,Mixed,safoEASm_83-23
Eastmain,Willow Island,BTM84,Trout,24-08-2023,465,52.274492,-78.56584,Mixed,safoEASm_84-23
Eastmain,Willow Island,BTM85,Trout,24-08-2023,412,52.274492,-78.56584,Mixed,safoEASm_85-23
Eastmain,Willow Island,BTM86,Trout,24-08-2023,435,52.274492,-78.56584,Mixed,safoEASm_86-23
Eastmain,Willow Island,BTM87,Trout,24-08-2023,380,52.274492,-78.56584,Mixed,safoEASm_87-23
Eastmain,Willow Island,BTM88,Trout,24-08-2023,364,52.274492,-78.56584,Mixed,safoEASm_88-23
Eastmain,Willow Island,BTM89,Trout,24-08-2023,421,52.274492,-78.56584,Mixed,safoEASm_89-23
Eastmain,Willow Island,BTM90,Trout,24-08-2023,391,52.274492,-78.56584,Mixed,safoEASm_90-23
Eastmain,Willow Island,BTM91,Trout,24-08-2023,432,52.274492,-78.56584,Mixed,safoEASm_91-23
Eastmain,Willow Island,BTM92,Trout,24-08-2023,386,52.274492,-78.56584,Mixed,safoEASm_92-23
Eastmain,Willow Island,BTM93,Trout,24-08-2023,379,52.274492,-78.56584,Mixed,safoEASm_93-23
Eastmain,Willow Island,BTM94,Trout,24-08-2023,402,52.274492,-78.56584,Mixed,safoEASm_94-23
Eastmain,Willow Island,BTM95,Trout,24-08-2023,448,52.274492,-78.56584,Mixed,safoEASm_95-23
Eastmain,Willow Island,BTM96,Trout,24-08-2023,416,52.274492,-78.56584,Mixed,safoEASm_96-23
Eastmain,Willow Island,BTM97,Trout,24-08-2023,398,52.274492,-78.56584,Mixed,safoEASm_97-23
Eastmain,Willow Island,BTM98,Trout,24-08-2023,423,52.274492,-78.56584,Mixed,safoEASm_98-23
Eastmain,Willow Island,BTM99,Trout,24-08-2023,405,52.274492,-78.56584,Mixed,safoEASm_99-23
Eastmain,Willow Island,M128,Whitefish,24-08-2023,382,52.274492,-78.56584,Mixed,coclEASm_128-23
Eastmain,Willow Island,M101,Whitefish,23-08-2023,425,52.274492,-78.56584,Mixed,coclEASm_101-23
Eastmain,Willow Island,M102,Whitefish,23-08-2023,419,52.274492,-78.56584,Mixed,coclEASm_102-23
Eastmain,Willow Island,M103,Whitefish,23-08-2023,475,52.274492,-78.56584,Mixed,coclEASm_103-23
Eastmain,Willow Island,M104,Whitefish,23-08-2023,396,52.274492,-78.56584,Mixed,coclEASm_104-23
Eastmain,Willow Island,M105,Whitefish,23-08-2023,389,52.274492,-78.56584,Mixed,coclEASm_105-23
Eastmain,Willow Island,M106,Whitefish,24-08-2023,400,52.274492,-78.56584,Mixed,coclEASm_106-23
Eastmain,Willow Island,M107,Whitefish,24-08-2023,372,52.274492,-78.56584,Mixed,coclEASm_107-23
Eastmain,Willow Island,M108,Whitefish,24-08-2023,381,52.274492,-78.56584,Mixed,coclEASm_108-23
Eastmain,Willow Island,M109,Whitefish,24-08-2023,475,52.274492,-78.56584,Mixed,coclEASm_109-23
Eastmain,Willow Island,M110,Whitefish,24-08-2023,391,52.274492,-78.56584,Mixed,coclEASm_110-23
Eastmain,Willow Island,M111,Whitefish,24-08-2023,389,52.274492,-78.56584,Mixed,coclEASm_111-23
Eastmain,Willow Island,M112,Whitefish,24-08-2023,419,52.274492,-78.56584,Mixed,coclEASm_112-23
Eastmain,Willow Island,M113,Whitefish,24-08-2023,391,52.274492,-78.56584,Mixed,coclEASm_113-23
Eastmain,Willow Island,M114,Whitefish,24-08-2023,403,52.274492,-78.56584,Mixed,coclEASm_114-23
Eastmain,Willow Island,M115,Whitefish,24-08-2023,375,52.274492,-78.56584,Mixed,coclEASm_115-23
Eastmain,Willow Island,M116,Whitefish,24-08-2023,394,52.274492,-78.56584,Mixed,coclEASm_116-23
Eastmain,Willow Island,M117,Whitefish,24-08-2023,357,52.274492,-78.56584,Mixed,coclEASm_117-23
Eastmain,Willow Island,M118,Whitefish,24-08-2023,383,52.274492,-78.56584,Mixed,coclEASm_118-23
Eastmain,Willow Island,M119,Whitefish,24-08-2023,356,52.274492,-78.56584,Mixed,coclEASm_119-23
Eastmain,Willow Island,M120,Whitefish,24-08-2023,360,52.274492,-78.56584,Mixed,coclEASm_120-23
Eastmain,Willow Island,M121,Whitefish,24-08-2023,424,52.274492,-78.56584,Mixed,coclEASm_121-23
Eastmain,Willow Island,M122,Whitefish,24-08-2023,379,52.274492,-78.56584,Mixed,coclEASm_122-23
Eastmain,Willow Island,M123,Whitefish,24-08-2023,400,52.274492,-78.56584,Mixed,coclEASm_123-23
Eastmain,Willow Island,M124,Whitefish,24-08-2023,423,52.274492,-78.56584,Mixed,coclEASm_124-23
Eastmain,Willow Island,M125,Whitefish,24-08-2023,419,52.274492,-78.56584,Mixed,coclEASm_125-23
Eastmain,Willow Island,M126,Whitefish,24-08-2023,379,52.274492,-78.56584,Mixed,coclEASm_126-23
Eastmain,Willow Island,M127,Whitefish,24-08-2023,420,52.274492,-78.56584,Mixed,coclEASm_127-23
Eastmain,Willow Island,S1,Whitefish,23-08-2023,452,52.274492,-78.56584,Mixed,coclEASm_S1-23
Eastmain,Willow Island,S10,Whitefish,23-08-2023,339,52.274492,-78.56584,Mixed,coclEASm_S10-23
Eastmain,Willow Island,S11,Whitefish,23-08-2023,395,52.274492,-78.56584,Mixed,coclEASm_S11-23
Eastmain,Willow Island,S12,Whitefish,23-08-2023,384,52.274492,-78.56584,Mixed,coclEASm_S12-23
Eastmain,Willow Island,S13,Whitefish,23-08-2023,370,52.274492,-78.56584,Mixed,coclEASm_S13-23
Eastmain,Willow Island,S14,Whitefish,23-08-2023,405,52.274492,-78.56584,Mixed,coclEASm_S14-23
Eastmain,Willow Island,S15,Whitefish,23-08-2023,373,52.274492,-78.56584,Mixed,coclEASm_S15-23
Eastmain,Willow Island,S16,Whitefish,23-08-2023,462,52.274492,-78.56584,Mixed,coclEASm_S16-23
Eastmain,Willow Island,S17,Whitefish,23-08-2023,395,52.274492,-78.56584,Mixed,coclEASm_S17-23
Eastmain,Willow Island,S18,Whitefish,23-08-2023,460,52.274492,-78.56584,Mixed,coclEASm_S18-23
Eastmain,Willow Island,S19,Whitefish,23-08-2023,405,52.274492,-78.56584,Mixed,coclEASm_S19-23
Eastmain,Willow Island,S2,Whitefish,23-08-2023,378,52.274492,-78.56584,Mixed,coclEASm_S2-23
Eastmain,Willow Island,S20,Whitefish,23-08-2023,371,52.274492,-78.56584,Mixed,coclEASm_S20-23
Eastmain,Tilorier River,S21,Trout,21-01-2023,356,52.4537885,-78.5330086,source,
Eastmain,Fishing River,S21*,Trout,22-01-2023,179,52.257621,-78.430051,source,
Eastmain,Tilorier River,S22,Trout,21-01-2023,477,52.4537885,-78.5330086,source,
Eastmain,Fishing River,S22*,Trout,22-01-2023,185,52.257621,-78.430051,source,
Eastmain,Tilorier River,S23,Trout,21-01-2023,381,52.4537885,-78.5330086,source,
Eastmain,Fishing River,S23*,Trout,22-01-2023,183,52.257621,-78.430051,source,
Eastmain,Tilorier River,S24,Trout,21-01-2023,480,52.4537885,-78.5330086,source,
Eastmain,Fishing River,S24*,Trout,22-01-2023,264,52.257621,-78.430051,source,
Eastmain,Tilorier River,S25,Trout,21-01-2023,386,52.4537885,-78.5330086,source,
Eastmain,Fishing River,S25*,Trout,22-01-2023,165,52.257621,-78.430051,source,
Eastmain,Tilorier River,S26,Trout,21-01-2023,421,52.4537885,-78.5330086,source,
Eastmain,Fishing River,S26*,Trout,22-01-2023,223,52.257621,-78.430051,source,
Eastmain,Fishing River,S27,Trout,21-01-2023,349,52.4537885,-78.5330086,source,
Eastmain,Fishing River,S27*,Trout,22-01-2023,210,52.257621,-78.430051,source,
Eastmain,Fishing River,S28,Trout,21-01-2023,223,52.257621,-78.430051,source,
Eastmain,Fishing River,S28*,Trout,22-01-2023,258,52.257621,-78.430051,source,
Eastmain,Fishing River,S29,Trout,21-01-2023,206,52.257621,-78.430051,source,
Eastmain,Fishing River,S29*,Trout,22-01-2023,209,52.257621,-78.430051,source,
Eastmain,Willow Island,S3,Whitefish,23-08-2023,440,52.274492,-78.56584,Mixed,
Eastmain,Fishing River,S30,Trout,22-01-2023,214,52.257621,-78.430051,source,
Eastmain,Fishing River,S30*,Trout,22-01-2023,162,52.257621,-78.430051,source,
Eastmain,Fishing River,S31,Trout,22-01-2023,164,52.257621,-78.430051,source,
Eastmain,Fishing River,S31*,Trout,22-01-2023,215,52.257621,-78.430051,source,
Eastmain,Fishing River,S32,Trout,22-01-2023,229,52.257621,-78.430051,source,
Eastmain,Fishing River,S32*,Trout,04-03-2023,197,52.257712,-78.431211,Source,
Eastmain,Fishing River,S33,Trout,22-01-2023,220,52.257621,-78.430051,source,
Eastmain,Fishing River,S33*,Trout,04-03-2023,204,52.257712,-78.431211,Source,
Eastmain,Fishing River,S34,Trout,22-01-2023,263,52.257621,-78.430051,source,
Eastmain,Fishing River,S34*,Trout,04-03-2023,206,52.257712,-78.431211,Source,
Eastmain,Fishing River,S35,Trout,22-01-2023,255,52.257621,-78.430051,source,
Eastmain,Fishing River,S35*,Trout,04-03-2023,200,52.257712,-78.431211,Source,
Eastmain,Fishing River,S36,Trout,22-01-2023,232,52.257621,-78.430051,source,
Eastmain,Fishing River,S36*,Trout,04-03-2023,200,52.257712,-78.431211,Source,
Eastmain,Fishing River,S37,Trout,22-01-2023,230,52.257621,-78.430051,source,
Eastmain,Fishing River,S37*,Trout,04-03-2023,202,52.257712,-78.431211,Source,
Eastmain,Fishing River,S38,Trout,22-01-2023,205,52.257621,-78.430051,source,
Eastmain,Fishing River,S38*,Trout,04-03-2023,199,52.257712,-78.431211,Source,
Eastmain,Fishing River,S39,Trout,22-01-2023,185,52.257621,-78.430051,source,
Eastmain,Fishing River,S39*,Trout,04-03-2023,196,52.257712,-78.431211,Source,
Eastmain,Willow Island,S4,Whitefish,23-08-2023,404,52.274492,-78.56584,Mixed,
Eastmain,Fishing River,S40,Trout,22-01-2023,229,52.257621,-78.430051,source,
Eastmain,Fishing River,S40*,Trout,04-03-2023,179,52.257712,-78.431211,Source,
Eastmain,Willow Island,S5,Whitefish,23-08-2023,400,52.274492,-78.56584,Mixed,
Eastmain,Willow Island,S6,Whitefish,23-08-2023,398,52.274492,-78.56584,Mixed,
Eastmain,Willow Island,S7,Whitefish,23-08-2023,383,52.274492,-78.56584,Mixed,
Eastmain,Willow Island,S8,Whitefish,23-08-2023,344,52.274492,-78.56584,Mixed,
Eastmain,Willow Island,S9,Whitefish,23-08-2023,340,52.274492,-78.56584,Mixed,
Eastmain,Willow Island,WFM100,Whitefish,25-08-2023,431,52.274492,-78.56584,Mixed,coclEASm_M100-23
Eastmain,Willow Island,WFM51,Whitefish,24-08-2023,461,52.274492,-78.56584,Mixed,coclEASm_M51-23
Eastmain,Willow Island,WFM52,Whitefish,24-08-2023,381,52.274492,-78.56584,Mixed,coclEASm_M52-23
Eastmain,Willow Island,WFM53,Whitefish,24-08-2023,439,52.274492,-78.5658,Mixed,coclEASm_M53-23
Eastmain,Willow Island,WFM54,Whitefish,24-08-2023,427,52.274492,-78.5658,Mixed,coclEASm_M54-23
Eastmain,Willow Island,WFM55,Whitefish,24-08-2023,389,52.274492,-78.5658,Mixed,coclEASm_M55-23
Eastmain,Willow Island,WFM56,Whitefish,24-08-2023,379,52.274492,-78.5658,Mixed,coclEASm_M56-23
Eastmain,Willow Island,WFM57,Whitefish,24-08-2023,394,52.274492,-78.5658,Mixed,coclEASm_M57-23
Eastmain,Willow Island,WFM58,Whitefish,24-08-2023,420,52.274492,-78.5658,Mixed,coclEASm_M58-23
Eastmain,Willow Island,WFM59,Whitefish,24-08-2023,401,52.274492,-78.5658,Mixed,coclEASm_M59-23
Eastmain,Willow Island,WFM60,Whitefish,24-08-2023,319,52.274492,-78.5658,Mixed,coclEASm_M60-23
Eastmain,Willow Island,WFM61,Whitefish,24-08-2023,392,52.274492,-78.5658,Mixed,coclEASm_M61-23
Eastmain,Willow Island,WFM62,Whitefish,24-08-2023,337,52.274492,-78.5658,Mixed,coclEASm_M62-23
Eastmain,Willow Island,WFM63,Whitefish,24-08-2023,452,52.274492,-78.5658,Mixed,coclEASm_M63-23
Eastmain,Willow Island,WFM64,Whitefish,24-08-2023,394,52.274492,-78.5658,Mixed,coclEASm_M64-23
Eastmain,Willow Island,WFM65,Whitefish,24-08-2023,369,52.274492,-78.5658,Mixed,coclEASm_M65-23
Eastmain,Willow Island,WFM66,Whitefish,24-08-2023,430,52.274492,-78.5658,Mixed,coclEASm_M66-23
Eastmain,Willow Island,WFM67,Whitefish,24-08-2023,435,52.274492,-78.5658,Mixed,coclEASm_M67-23
Eastmain,Willow Island,WFM68,Whitefish,24-08-2023,364,52.274492,-78.5658,Mixed,coclEASm_M68-23
Eastmain,Willow Island,WFM69,Whitefish,24-08-2023,360,52.274492,-78.5658,Mixed,coclEASm_M69-23
Eastmain,Willow Island,WFM70,Whitefish,24-08-2023,395,52.274492,-78.5658,Mixed,coclEASm_M70-23
Eastmain,Willow Island,WFM71,Whitefish,24-08-2023,425,52.274492,-78.5658,Mixed,coclEASm_M71-23
Eastmain,Willow Island,WFM72,Whitefish,24-08-2023,374,52.274492,-78.5658,Mixed,coclEASm_M72-23
Eastmain,Willow Island,WFM73,Whitefish,24-08-2023,384,52.274492,-78.5658,Mixed,coclEASm_M73-23
Eastmain,Willow Island,WFM74,Whitefish,24-08-2023,368,52.274492,-78.5658,Mixed,coclEASm_M74-23
Eastmain,Willow Island,WFM75,Whitefish,24-08-2023,405,52.274492,-78.5658,Mixed,coclEASm_M75-23
Eastmain,Willow Island,WFM76,Whitefish,24-08-2023,446,52.274492,-78.5658,Mixed,coclEASm_M76-23
Eastmain,Willow Island,WFM77,Whitefish,24-08-2024,446,52.274492,-78.5658,Mixed,coclEASm_M77-23
Eastmain,Willow Island,WFM78,Whitefish,25-08-2023,429,52.274492,-78.56584,Mixed,coclEASm_M78-23
Eastmain,Willow Island,WFM79,Whitefish,25-08-2023,375,52.274492,-78.56584,Mixed,coclEASm_M79-23
Eastmain,Willow Island,WFM80,Whitefish,25-08-2023,445,52.274492,-78.56584,Mixed,coclEASm_M80-23
Eastmain,Willow Island,WFM81,Whitefish,25-08-2023,419,52.274492,-78.56584,Mixed,coclEASm_M81-23
Eastmain,Willow Island,WFM82,Whitefish,25-08-2023,422,52.274492,-78.56584,Mixed,coclEASm_M82-23
Eastmain,Willow Island,WFM83,Whitefish,25-08-2023,462,52.274492,-78.56584,Mixed,coclEASm_M83-23
Eastmain,Willow Island,WFM84,Whitefish,25-08-2023,384,52.274492,-78.56584,Mixed,coclEASm_M84-23
Eastmain,Willow Island,WFM85,Whitefish,25-08-2023,459,52.274492,-78.56584,Mixed,coclEASm_M85-23
Eastmain,Willow Island,WFM86,Whitefish,25-08-2023,405,52.274492,-78.56584,Mixed,coclEASm_M86-23
Eastmain,Willow Island,WFM87,Whitefish,25-08-2023,394,52.274492,-78.56584,Mixed,coclEASm_M87-23
Eastmain,Willow Island,WFM88,Whitefish,25-08-2023,420,52.274492,-78.56584,Mixed,coclEASm_M88-23
Eastmain,Willow Island,WFM89,Whitefish,25-08-2023,435,52.274492,-78.56584,Mixed,coclEASm_M89-23
Eastmain,Willow Island,WFM90,Whitefish,25-08-2023,384,52.274492,-78.56584,Mixed,coclEASm_M90-23
Eastmain,Willow Island,WFM91,Whitefish,25-08-2023,428,52.274492,-78.56584,Mixed,coclEASm_M91-23
Eastmain,Willow Island,WFM92,Whitefish,25-08-2023,345,52.274492,-78.56584,Mixed,coclEASm_M92-23
Eastmain,Willow Island,WFM93,Whitefish,25-08-2023,406,52.274492,-78.56584,Mixed,coclEASm_M93-23
Eastmain,Willow Island,WFM94,Whitefish,25-08-2023,409,52.274492,-78.56584,Mixed,coclEASm_M94-23
Eastmain,Willow Island,WFM95,Whitefish,25-08-2023,382,52.274492,-78.56584,Mixed,coclEASm_M95-23
Eastmain,Willow Island,WFM96,Whitefish,25-08-2023,398,52.274492,-78.56584,Mixed,coclEASm_M96-23
Eastmain,Willow Island,WFM97,Whitefish,25-08-2023,470,52.274492,-78.56584,Mixed,coclEASm_M97-23
Eastmain,Willow Island,WFM98,Whitefish,25-08-2023,400,52.274492,-78.56584,Mixed,coclEASm_M98-23
Eastmain,Willow Island,WFM99,Whitefish,25-08-2023,426,52.274492,-78.56584,Mixed,coclEASm_M99-23
Waskaganish,Oubeh Juun,3034,Whitefish,16-08-2023,424,51.940921,-78.891068,Mixed,coclWASm_3034-23
Waskaganish,Oubeh Juun,3076,Whitefish,16-08-2023,440,51.940921,-78.891068,Mixed,coclWASm_3076-23
Waskaganish,Oubeh Juun,3077,Whitefish,16-08-2023,410,51.940921,-78.891068,Mixed,coclWASm_3077-23
Waskaganish,Oubeh Juun,3078,Whitefish,16-08-2023,360,51.940921,-78.891068,Mixed,coclWASm_3078-23
Waskaganish,Oubeh Juun,3079,Whitefish,16-08-2023,416,51.940921,-78.891068,Mixed,coclWASm_3079-23
Waskaganish,Oubeh Juun,3080,Whitefish,16-08-2023,430,51.940921,-78.891068,Mixed,coclWASm_3080-23
Waskaganish,Oubeh Juun,3081,Whitefish,16-08-2023,425,51.940921,-78.891068,Mixed,coclWASm_3081-23
Waskaganish,Oubeh Juun,3082,Whitefish,16-08-2023,409,51.940921,-78.891068,Mixed,coclWASm_3082-23
Waskaganish,Oubeh Juun,3083,Whitefish,16-08-2023,409,51.940921,-78.891068,Mixed,coclWASm_3083-23
Waskaganish,Oubeh Juun,3084,Whitefish,16-08-2023,416,51.940921,-78.891068,Mixed,coclWASm_3084-23
Waskaganish,Oubeh Juun,3085,Whitefish,16-08-2023,418,51.940921,-78.891068,Mixed,coclWASm_3085-23
Waskaganish,Oubeh Juun,3086,Whitefish,16-08-2023,399,51.940921,-78.891068,Mixed,coclWASm_3086-23
Waskaganish,Oubeh Juun,3087,Whitefish,16-08-2023,435,51.940921,-78.891068,Mixed,coclWASm_3087-23
Waskaganish,Oubeh Juun,3088,Whitefish,16-08-2023,419,51.940921,-78.891068,Mixed,coclWASm_3088-23
Waskaganish,Oubeh Juun,3089,Whitefish,16-08-2023,400,51.940921,-78.891068,Mixed,coclWASm_3089-23
Waskaganish,Oubeh Juun,3090,Whitefish,16-08-2023,408,51.940921,-78.891068,Mixed,coclWASm_3090-23
Waskaganish,Oubeh Juun,3091,Whitefish,16-08-2023,411,51.940921,-78.891068,Mixed,coclWASm_3091-23
Waskaganish,Oubeh Juun,3092,Whitefish,16-08-2023,358,51.940921,-78.891068,Mixed,coclWASm_3092-23
Waskaganish,Oubeh Juun,3093,Whitefish,16-08-2023,376,51.940921,-78.891068,Mixed,coclWASm_3093-23
Waskaganish,Oubeh Juun,3094,Whitefish,16-08-2023,351,51.940921,-78.891068,Mixed,coclWASm_3094-23
Waskaganish,Oubeh Juun,3095,Whitefish,16-08-2023,404,51.940921,-78.891068,Mixed,coclWASm_3095-23
Waskaganish,Oubeh Juun,3096,Whitefish,16-08-2023,391,51.940921,-78.891068,Mixed,coclWASm_3096-23
Waskaganish,Oubeh Juun,3097,Whitefish,16-08-2023,411,51.940921,-78.891068,Mixed,coclWASm_3097-23
Waskaganish,Oubeh Juun,3098,Whitefish,16-08-2023,370,51.940921,-78.891068,Mixed,coclWASm_3098-23
Waskaganish,Oubeh Juun,3099,Whitefish,16-08-2023,410,51.940921,-78.891068,Mixed,coclWASm_3099-23
Waskaganish,Oubeh Juun,3100,Whitefish,16-08-2023,369,51.940921,-78.891068,Mixed,coclWASm_3100-23
Waskaganish,Oubeh Juun,3676,Whitefish,16-08-2023,382,51.940921,-78.891068,Mixed,coclWASm_3676-23
Waskaganish,Oubeh Juun,3677,Whitefish,16-08-2023,419,51.940921,-78.891068,Mixed,coclWASm_3677-23
Waskaganish,Oubeh Juun,3678,Whitefish,16-08-2023,411,51.940921,-78.891068,Mixed,coclWASm_3678-23
Waskaganish,Oubeh Juun,3679,Whitefish,16-08-2023,408,51.940921,-78.891068,Mixed,coclWASm_3679-23
Waskaganish,Oubeh Juun,3680,Whitefish,16-08-2023,387,51.940921,-78.891068,Mixed,coclWASm_3680-23
Waskaganish,Oubeh Juun,3681,Whitefish,16-08-2023,405,51.940921,-78.891068,Mixed,coclWASm_3681-23
Waskaganish,Oubeh Juun,3682,Whitefish,16-08-2023,374,51.940921,-78.891068,Mixed,coclWASm_3682-23
Waskaganish,Oubeh Juun,3683,Whitefish,16-08-2023,389,51.940921,-78.891068,Mixed,coclWASm_3683-23
Waskaganish,Oubeh Juun,3684,Whitefish,16-08-2023,360,51.940921,-78.891068,Mixed,coclWASm_3684-23
Waskaganish,Oubeh Juun,3685,Whitefish,16-08-2023,335,51.940921,-78.891068,Mixed,coclWASm_3685-23
Waskaganish,Oubeh Juun,3686,Whitefish,16-08-2023,326,51.940921,-78.891068,Mixed,coclWASm_3686-23
Waskaganish,Oubeh Juun,3687,Whitefish,16-08-2023,376,51.940921,-78.891068,Mixed,coclWASm_3687-23
Waskaganish,Oubeh Juun,3688,Whitefish,16-08-2023,450,51.940921,-78.891068,Mixed,coclWASm_3688-23
Waskaganish,Oubeh Juun,3689,Whitefish,16-08-2023,327,51.940921,-78.891068,Mixed,coclWASm_3689-23
Waskaganish,Oubeh Juun,3690,Whitefish,16-08-2023,361,51.940921,-78.891068,Mixed,coclWASm_3690-23
Waskaganish,Oubeh Juun,3691,Whitefish,16-08-2023,395,51.940921,-78.891068,Mixed,coclWASm_3691-23
Waskaganish,Oubeh Juun,3692,Whitefish,16-08-2023,401,51.940921,-78.891068,Mixed,coclWASm_3692-23
Waskaganish,Oubeh Juun,3693,Whitefish,16-08-2023,405,51.940921,-78.891068,Mixed,coclWASm_3693-23
Waskaganish,Oubeh Juun,3694,Whitefish,16-08-2023,371,51.940921,-78.891068,Mixed,coclWASm_3694-23
Waskaganish,Oubeh Juun,3695,Whitefish,16-08-2023,374,51.940921,-78.891068,Mixed,coclWASm_3695-23
Waskaganish,Oubeh Juun,3696,Whitefish,16-08-2023,328,51.940921,-78.891068,Mixed,coclWASm_3696-23
Waskaganish,Oubeh Juun,3697,Whitefish,16-08-2023,358,51.940921,-78.891068,Mixed,coclWASm_3697-23
Waskaganish,Oubeh Juun,3698,Whitefish,16-08-2023,420,51.940921,-78.891068,Mixed,coclWASm_3698-23
Waskaganish,Oubeh Juun,3699,Whitefish,16-08-2023,450,51.940921,-78.891068,Mixed,coclWASm_3699-23
Waskaganish,Oubeh Juun,3700,Whitefish,16-08-2023,373,51.940921,-78.891068,Mixed,coclWASm_3700-23
Waskaganish,Oubeh Juun,3851,Whitefish,11-08-2023,354,51.940921,-78.891068,Mixed,coclWASm_3851-23
Waskaganish,Oubeh Juun,3852,Whitefish,11-08-2023,345,51.940921,-78.891068,Mixed,coclWASm_3852-23
Waskaganish,Oubeh Juun,3853,Whitefish,11-08-2023,341,51.940921,-78.891068,Mixed,coclWASm_3853-23
Waskaganish,Oubeh Juun,3854,Whitefish,11-08-2023,388,51.940921,-78.891068,Mixed,coclWASm_3854-23
Waskaganish,Oubeh Juun,3855,Whitefish,11-08-2023,327,51.940921,-78.891068,Mixed,coclWASm_3855-23
Waskaganish,Upschewan,3856,Whitefish,16-08-2023,369,51.940921,-78.891068,Mixed,coclWASm_3856-23
Waskaganish,Upschewan,3857,Whitefish,16-08-2023,397,51.940921,-78.891068,Mixed,coclWASm_3857-23
Waskaganish,Upschewan,3858,Whitefish,16-08-2023,335,51.940921,-78.891068,Mixed,coclWASm_3858-23
Waskaganish,Upschewan,3859,Whitefish,16-08-2023,360,51.940921,-78.891068,Mixed,coclWASm_3859-23
Waskaganish,Upschewan,3860,Whitefish,16-08-2023,405,51.940921,-78.891068,Mixed,coclWASm_3860-23
Waskaganish,Upschewan,3861,Whitefish,16-08-2023,380,51.940921,-78.891068,Mixed,coclWASm_3861-23
Waskaganish,Upschewan,3862,Whitefish,16-08-2023,380,51.940921,-78.891068,Mixed,coclWASm_3862-23
Waskaganish,Upschewan,3863,Whitefish,16-08-2023,?,51.940921,-78.891068,Mixed,coclWASm_3863-23
Waskaganish,Upschewan,3864,Whitefish,16-08-2023,427,51.940921,-78.891068,Mixed,coclWASm_3864-23
Waskaganish,Upschewan,3865,Whitefish,16-08-2023,351,51.940921,-78.891068,Mixed,coclWASm_3865-23
Waskaganish,Upschewan,3866,Whitefish,16-08-2023,388,51.940921,-78.891068,Mixed,coclWASm_3866-23
Waskaganish,Upschewan,3867,Whitefish,16-08-2023,375,51.940921,-78.891068,Mixed,coclWASm_3867-23
Waskaganish,Upschewan,3868,Whitefish,16-08-2023,421,51.940921,-78.891068,Mixed,coclWASm_3868-23
Waskaganish,Upschewan,3869,Whitefish,16-08-2023,390,51.940921,-78.891068,Mixed,coclWASm_3869-23
Waskaganish,Upschewan,3870,Whitefish,16-08-2023,380,51.940921,-78.891068,Mixed,coclWASm_3870-23
Waskaganish,Upschewan,3871,Whitefish,16-08-2023,417,51.940921,-78.891068,Mixed,coclWASm_3871-23
Waskaganish,Upschewan,3872,Whitefish,16-08-2023,365,51.940921,-78.891068,Mixed,coclWASm_3872-23
Waskaganish,Upschewan,3873,Whitefish,16-08-2023,470,51.940921,-78.891068,Mixed,coclWASm_3873-23
Waskaganish,Upschewan,3874,Whitefish,16-08-2023,391,51.940921,-78.891068,Mixed,coclWASm_3874-23
Waskaganish,Upschewan,3875,Whitefish,16-08-2023,389,51.940921,-78.891068,Mixed,coclWASm_3875-23
Waskaganish,Octive River,4001,Trout,12-02-2023,240,51.641816,-78.851051,Mixed,coclWASm_4001-23
Waskaganish,Octive River,4002,Trout,12-02-2023,235,51.641816,-78.851051,Mixed,coclWASm_4002-23
Waskaganish,Octive River,4003,Trout,12-02-2023,210,51.641816,-78.851051,Mixed,coclWASm_4003-23
Waskaganish,Octive River,4004,Trout,12-02-2023,215,51.641816,-78.851051,Mixed,coclWASm_4004-23
Waskaganish,Octive River,4005,Trout,12-02-2023,190,51.641816,-78.851051,Mixed,coclWASm_4005-23
Waskaganish,Octive River,4006,Trout,12-02-2023,210,51.641816,-78.851051,Mixed,coclWASm_4006-23
Waskaganish,Oubeh Juun,4026,Whitefish,16-08-2023,450,51.940921,-78.891068,Mixed,coclWASm_4026-23
Waskaganish,Oubeh Juun,4027,Whitefish,16-08-2023,429,51.940921,-78.891068,Mixed,coclWASm_4027-23
Waskaganish,Oubeh Juun,4028,Whitefish,16-08-2023,399,51.940921,-78.891068,Mixed,coclWASm_4028-23
Waskaganish,Oubeh Juun,4029,Whitefish,16-08-2023,383,51.940921,-78.891068,Mixed,coclWASm_4029-23
Waskaganish,Oubeh Juun,4030,Whitefish,16-08-2023,424,51.940921,-78.891068,Mixed,coclWASm_4030-23
Waskaganish,Oubeh Juun,4031,Whitefish,16-08-2023,387,51.940921,-78.891068,Mixed,coclWASm_4031-23
Waskaganish,Oubeh Juun,4032,Whitefish,16-08-2023,416,51.940921,-78.891068,Mixed,coclWASm_4032-23
Waskaganish,Oubeh Juun,4033,Whitefish,16-08-2023,387,51.940921,-78.891068,Mixed,coclWASm_4033-23
Waskaganish,Oubeh Juun,4034,Whitefish,16-08-2023,387,51.940921,-78.891068,Mixed,coclWASm_4034-23
Waskaganish,Oubeh Juun,4035,Whitefish,16-08-2023,424,51.940921,-78.891068,Mixed,coclWASm_4035-23
Waskaganish,Oubeh Juun,4036,Whitefish,16-08-2023,415,51.940921,-78.891068,Mixed,coclWASm_4036-23
Waskaganish,Oubeh Juun,4037,Whitefish,16-08-2023,335,51.940921,-78.891068,Mixed,coclWASm_4037-23
Waskaganish,Oubeh Juun,4038,Whitefish,16-08-2023,368,51.940921,-78.891068,Mixed,coclWASm_4038-23
Waskaganish,Oubeh Juun,4039,Whitefish,16-08-2023,421,51.940921,-78.891068,Mixed,coclWASm_4039-23
Waskaganish,Oubeh Juun,4040,Whitefish,16-08-2023,370,51.940921,-78.891068,Mixed,coclWASm_4040-23
Waskaganish,Oubeh Juun,4041,Whitefish,16-08-2023,403,51.940921,-78.891068,Mixed,coclWASm_4041-23
Waskaganish,Oubeh Juun,4042,Whitefish,16-08-2023,380,51.940921,-78.891068,Mixed,coclWASm_4042-23
Waskaganish,Oubeh Juun,4043,Whitefish,16-08-2023,394,51.940921,-78.891068,Mixed,coclWASm_4043-23
Waskaganish,Oubeh Juun,4044,Whitefish,16-08-2023,392,51.940921,-78.891068,Mixed,coclWASm_4044-23
Waskaganish,Oubeh Juun,4045,Whitefish,16-08-2023,447,51.940921,-78.891068,Mixed,coclWASm_4045-23
Waskaganish,Oubeh Juun,4046,Whitefish,16-08-2023,339,51.940921,-78.891068,Mixed,coclWASm_4046-23
Waskaganish,Oubeh Juun,4047,Whitefish,16-08-2023,345,51.940921,-78.891068,Mixed,coclWASm_4047-23
Waskaganish,Oubeh Juun,4048,Whitefish,16-08-2023,345,51.940921,-78.891068,Mixed,coclWASm_4048-23
Waskaganish,Oubeh Juun,4049,Whitefish,16-08-2023,345,51.940921,-78.891068,Mixed,coclWASm_4049-23
Waskaganish,Oubeh Juun,4050,Whitefish,16-08-2023,345,51.940921,-78.891068,Mixed,coclWASm_4050-23
Wemindji,Howard Point,1401,Trout,06-01-2023,365,52.870536,-78.707513,Mixed,coclWASm_1401-23
Wemindji,Moar Bay,1402,Trout,14-01-2023,260,52.870536,-78.707513,Mixed,coclWASm_1402-23
Wemindji,Moar Bay,1403,Trout,14-01-2023,220,52.870536,-78.707513,Mixed,coclWASm_1403-23
Wemindji,Moar Bay,1404,Trout,14-01-2023,250,52.870536,-78.707513,Mixed,coclWASm_1404-23
Wemindji,Moar Bay,1405,Trout,26-01-2023,210,52.870536,-78.707513,Mixed,coclWASm_1405-23
Wemindji,Moar Bay,1406,Trout,26-01-2023,180,52.870536,-78.707513,Mixed,coclWASm_1406-23
Wemindji,Poplar river,1426,Whitefish,28-08-2023,, 52.776684,-78.756648 ,Mixed,coclWASm_1426-23
Wemindji,Poplar river,1427,Whitefish,28-08-2023,, 52.776684,-78.756648 ,Mixed,coclWASm_1427-23
Wemindji,Poplar river,1428,Whitefish,28-08-2023,, 52.776684,-78.756648 ,Mixed,coclWASm_1428-23
Wemindji,Poplar river,1429,Whitefish,28-08-2023,, 52.776684,-78.756648 ,Mixed,coclWASm_1429-23
Wemindji,Poplar river,1430,Whitefish,28-08-2023,, 52.776684,-78.756648 ,Mixed,coclWASm_1430-23
Wemindji,Poplar river,1431,Whitefish,28-08-2023,, 52.776684,-78.756648 ,Mixed,coclWASm_1431-23
Wemindji,Poplar river,1432,Whitefish,29-08-2023,, 52.776684,-78.756648 ,Mixed,coclWASm_1432-23
Wemindji,Poplar river,1433,Whitefish,29-08-2023,, 52.776684,-78.756648 ,Mixed,coclWASm_1433-23
Wemindji,Poplar river,1434,Whitefish,29-08-2023,, 52.776684,-78.756648 ,Mixed,coclWASm_1434-23
Wemindji,Poplar river,1435,Whitefish,29-08-2023,, 52.776684,-78.756648 ,Mixed,coclWASm_1435-23
Wemindji,Poplar river,1436,Whitefish,29-08-2023,, 52.776684,-78.756648 ,Mixed,coclWASm_1436-23
Wemindji,Poplar river,1437,Whitefish,29-08-2023,, 52.776684,-78.756648 ,Mixed,coclWASm_1437-23
Wemindji,Poplar river,1438,Whitefish,29-08-2023,, 52.776684,-78.756648 ,Mixed,coclWASm_1438-23
Wemindji,Poplar river,1439,Whitefish,29-08-2023,, 52.776684,-78.756648 ,Mixed,coclWASm_1439-23
Wemindji,Poplar river,1440,Whitefish,29-08-2023,, 52.776684,-78.756648 ,Mixed,coclWASm_1440-23
Wemindji,Poplar river,1441,Whitefish,29-08-2023,, 52.776684,-78.756648 ,Mixed,coclWASm_1441-23
Wemindji,Poplar river,1442,Whitefish,29-08-2023,, 52.776684,-78.756648 ,Mixed,coclWASm_1442-23
Wemindji,Poplar river,1443,Whitefish,29-08-2023,, 52.776684,-78.756648 ,Mixed,coclWASm_1443-23
Wemindji,Poplar river,1444,Whitefish,29-08-2023,, 52.776684,-78.756648 ,Mixed,coclWASm_1444-23
Wemindji,Poplar river,1445,Whitefish,30-08-2023,, 52.776684,-78.756648 ,Mixed,coclWASm_1445-23
Wemindji,Poplar river,1446,Whitefish,30-08-2023,, 52.776684,-78.756648 ,Mixed,coclWASm_1446-23
Wemindji,Poplar river,1447,Whitefish,30-08-2023,, 52.776684,-78.756648 ,Mixed,coclWASm_1447-23
Wemindji,Poplar river,1448,Whitefish,30-08-2023,, 52.776684,-78.756648 ,Mixed,coclWASm_1448-23
Wemindji,Poplar river,1449,Whitefish,30-08-2023,, 52.776684,-78.756648 ,Mixed,coclWASm_1449-23
Wemindji,Poplar river,1450,Whitefish,30-08-2023,, 52.776684,-78.756648 ,Mixed,coclWASm_1450-23
Wemindji,Poplar river,1451,Whitefish,30-08-2023,, 52.776684,-78.756648 ,Mixed,coclWASm_1451-23
Wemindji,Poplar river,1452,Whitefish,30-08-2023,, 52.776684,-78.756648 ,Mixed,coclWASm_1452-23
Wemindji,Poplar river,1453,Whitefish,30-08-2023,, 52.776684,-78.756648 ,Mixed,coclWASm_1453-23
Wemindji,Poplar river,1454,Whitefish,31-08-2023,, 52.776684,-78.756648 ,Mixed,coclWASm_1454-23
Wemindji,Poplar river,1455,Whitefish,31-08-2023,, 52.776684,-78.756648 ,Mixed,coclWASm_1455-23
Wemindji,Poplar river,1456,Whitefish,31-08-2023,, 52.776684,-78.756648 ,Mixed,coclWASm_1456-23
Wemindji,Poplar river,1457,Whitefish,31-08-2023,, 52.776684,-78.756648 ,Mixed,coclWASm_1457-23
Wemindji,Poplar river,1458,Whitefish,31-08-2023,, 52.776684,-78.756648 ,Mixed,coclWASm_1458-23
Wemindji,Poplar river,1459,Whitefish,31-08-2023,, 52.776684,-78.756648 ,Mixed,coclWASm_1459-23
Wemindji,Poplar river,1460,Whitefish,31-08-2023,, 52.776684,-78.756648 ,Mixed,coclWASm_1460-23
Wemindji,Poplar river,1461,Whitefish,31-08-2023,, 52.776684,-78.756648 ,Mixed,coclWASm_1461-23
Wemindji,Poplar river,1462,Whitefish,31-08-2023,, 52.776684,-78.756648 ,Mixed,coclWASm_1462-23
Wemindji,Poplar river,1463,Whitefish,31-08-2023,, 52.776684,-78.756648 ,Mixed,coclWASm_1463-23
Wemindji,Poplar river,1464,Whitefish,31-08-2023,, 52.776684,-78.756648 ,Mixed,coclWASm_1464-23
Wemindji,Poplar river,1465,Whitefish,31-08-2023,, 52.776684,-78.756648 ,Mixed,coclWASm_1465-23
Wemindji,Poplar river,1466,Whitefish,31-08-2023,, 52.776684,-78.756648 ,Mixed,coclWASm_1466-23
Wemindji,Poplar river,1467,Whitefish,31-08-2023,, 52.776684,-78.756648 ,Mixed,coclWASm_1467-23
Wemindji,Poplar river,1468,Whitefish,01-09-2023,, 52.776684,-78.756648 ,Mixed,coclWASm_1468-23
Wemindji,Poplar river,1469,Whitefish,01-09-2023,, 52.776684,-78.756648 ,Mixed,coclWASm_1469-23
Wemindji,Poplar river,1470,Whitefish,01-09-2023,, 52.776684,-78.756648 ,Mixed,coclWASm_1470-23
Wemindji,Poplar river,1471,Whitefish,01-09-2023,, 52.776684,-78.756648 ,Mixed,coclWASm_1471-23
Wemindji,Poplar river,1472,Whitefish,01-09-2023,, 52.776684,-78.756648 ,Mixed,coclWASm_1472-23
Wemindji,Poplar river,1473,Whitefish,01-09-2023,, 52.776684,-78.756648 ,Mixed,coclWASm_1473-23
Wemindji,Poplar river,1474,Whitefish,01-09-2023,, 52.776684,-78.756648 ,Mixed,coclWASm_1474-23
Wemindji,Poplar river,1475,Whitefish,01-09-2023,, 52.776684,-78.756648 ,Mixed,coclWASm_1475-23
Wemindji,Poplar river,1476,Whitefish,04-09-2023,, 52.776684,-78.756648 ,Mixed,coclWASm_1476-23
Wemindji,Poplar river,1477,Whitefish,04-09-2023,, 52.776684,-78.756648 ,Mixed,coclWASm_1477-23
Wemindji,Poplar river,1478,Whitefish,04-09-2023,, 52.776684,-78.756648 ,Mixed,coclWASm_1478-23
Wemindji,Poplar river,1479,Whitefish,04-09-2023,, 52.776684,-78.756648 ,Mixed,coclWASm_1479-23
Wemindji,Poplar river,1480,Whitefish,04-09-2023,, 52.776684,-78.756648 ,Mixed,coclWASm_1480-23
Wemindji,Poplar river,1481,Whitefish,05-09-2023,, 52.776684,-78.756648 ,Mixed,coclWASm_1481-23
Wemindji,Poplar river,1482,Whitefish,05-09-2023,, 52.776684,-78.756648 ,Mixed,coclWASm_1482-23
Wemindji,Poplar river,1483,Whitefish,05-09-2023,, 52.776684,-78.756648 ,Mixed,coclWASm_1483-23
Wemindji,Poplar river,1484,Whitefish,05-09-2023,, 52.776684,-78.756648 ,Mixed,coclWASm_1484-23
Wemindji,Poplar river,1485,Whitefish,05-09-2023,, 52.776684,-78.756648 ,Mixed,coclWASm_1485-23
Wemindji,Poplar river,1486,Whitefish,06-09-2023,, 52.776684,-78.756648 ,Mixed,coclWASm_1486-23
Wemindji,Poplar river,1487,Whitefish,06-09-2023,, 52.776684,-78.756648 ,Mixed,coclWASm_1487-23
Wemindji,Poplar river,1488,Whitefish,06-09-2023,, 52.776684,-78.756648 ,Mixed,coclWASm_1488-23
Wemindji,Poplar river,1489,Whitefish,06-09-2023,, 52.776684,-78.756648 ,Mixed,coclWASm_1489-23
Wemindji,Poplar river,1490,Whitefish,06-09-2023,, 52.776684,-78.756648 ,Mixed,coclWASm_1490-23
Wemindji,Poplar river,1491,Whitefish,07-09-2023,, 52.776684,-78.756648 ,Mixed,coclWASm_1491-23
Wemindji,Poplar river,1492,Whitefish,07-09-2023,, 52.776684,-78.756648 ,Mixed,coclWASm_1492-23
Wemindji,Poplar river,1493,Whitefish,07-09-2023,, 52.776684,-78.756648 ,Mixed,coclWASm_1493-23
Wemindji,Poplar river,1494,Whitefish,07-09-2023,, 52.776684,-78.756648 ,Mixed,coclWASm_1494-23
Wemindji,Poplar river,1495,Whitefish,07-09-2023,, 52.776684,-78.756648 ,Mixed,coclWASm_1495-23
Wemindji,Poplar river,1496,Whitefish,08-09-2023,, 52.776684,-78.756648 ,Mixed,coclWASm_1496-23
Wemindji,Poplar river,1497,Whitefish,08-09-2023,, 52.776684,-78.756648 ,Mixed,coclWASm_1497-23
Wemindji,Poplar river,1498,Whitefish,08-09-2023,, 52.776684,-78.756648 ,Mixed,coclWASm_1498-23
Wemindji,Poplar river,1499,Whitefish,09-09-2023,, 52.776684,-78.756648 ,Mixed,coclWASm_1499-23
Wemindji,Poplar river,1500,Whitefish,09-09-2023,, 52.776684,-78.756648 ,Mixed,coclWASm_1500-23
Wemindji,Poplar river,1576,Whitefish,09-09-2023,, 52.776684,-78.756648 ,Mixed,coclWASm_1576-23
Wemindji,Poplar river,1577,Whitefish,09-09-2023,, 52.776684,-78.756648 ,Mixed,coclWASm_1577-23
Wemindji,Poplar river,1578,Whitefish,09-09-2023,, 52.776684,-78.756648 ,Mixed,coclWASm_1578-23
Wemindji,Poplar river,1579,Whitefish,09-09-2023,, 52.776684,-78.756648 ,Mixed,coclWASm_1579-23
Wemindji,Poplar river,1580,Whitefish,09-09-2023,, 52.776684,-78.756648 ,Mixed,coclWASm_1580-23
Wemindji,Poplar river,1581,Whitefish,11-09-2023,, 52.776684,-78.756648 ,Mixed,coclWASm_1581-23
Wemindji,Poplar river,1582,Whitefish,11-09-2023,, 52.776684,-78.756648 ,Mixed,coclWASm_1582-23
Wemindji,Poplar river,1583,Whitefish,11-09-2023,, 52.776684,-78.756648 ,Mixed,coclWASm_1583-23
Wemindji,Poplar river,1584,Whitefish,11-09-2023,, 52.776684,-78.756648 ,Mixed,coclWASm_1584-23
Wemindji,Poplar river,1585,Whitefish,11-09-2023,, 52.776684,-78.756648 ,Mixed,coclWASm_1585-23
Wemindji,Poplar river,1586,Whitefish,12-09-2023,, 52.776684,-78.756648 ,Mixed,coclWASm_1586-23
Wemindji,Poplar river,1587,Whitefish,12-09-2023,, 52.776684,-78.756648 ,Mixed,coclWASm_1587-23
Wemindji,Poplar river,1588,Whitefish,12-09-2023,, 52.776684,-78.756648 ,Mixed,coclWASm_1588-23
Wemindji,Poplar river,1589,Whitefish,12-09-2023,, 52.776684,-78.756648 ,Mixed,coclWASm_1589-23
Wemindji,Poplar river,1590,Whitefish,12-09-2023,, 52.776684,-78.756648 ,Mixed,coclWASm_1590-23
Wemindji,Poplar river,1591,Whitefish,13-09-2023,, 52.776684,-78.756648 ,Mixed,coclWASm_1591-23
Wemindji,Poplar river,1592,Whitefish,13-09-2023,, 52.776684,-78.756648 ,Mixed,coclWASm_1592-23
Wemindji,Poplar river,1593,Whitefish,13-09-2023,, 52.776684,-78.756648 ,Mixed,coclWASm_1593-23
Wemindji,Poplar river,1594,Whitefish,13-09-2023,, 52.776684,-78.756648 ,Mixed,coclWASm_1594-23
Wemindji,Poplar river,1595,Whitefish,13-09-2023,, 52.776684,-78.756648 ,Mixed,coclWASm_1595-23
Wemindji,Poplar river,1596,Whitefish,14-09-2023,, 52.776684,-78.756648 ,Mixed,coclWASm_1596-23
Wemindji,Poplar river,1597,Whitefish,14-09-2023,, 52.776684,-78.756648 ,Mixed,coclWASm_1597-23
Wemindji,Poplar river,1598,Whitefish,14-09-2023,, 52.776684,-78.756648 ,Mixed,coclWASm_1598-23
Wemindji,Poplar river,1599,Whitefish,14-09-2023,, 52.776685,-78.756648 ,Mixed,coclWASm_1599-23
Wemindji,Poplar river,1600,Whitefish,14-09-2023,, 52.776686,-78.756648 ,Mixed,coclWASm_1600-23
Waskaganish,Oubeh Juun,4076,Whitefish,11-08-2023,,51.940921,-78.891068,Mixed,coclWASm_4076-23
Waskaganish,Oubeh Juun,4077,Whitefish,11-08-2023,,51.940921,-78.891068,Mixed,coclWASm_4077-23
Waskaganish,Oubeh Juun,4078,Whitefish,11-08-2023,,51.940921,-78.891068,Mixed,coclWASm_4078-23
Waskaganish,Oubeh Juun,4079,Whitefish,11-08-2023,,51.940921,-78.891068,Mixed,coclWASm_4079-23
Waskaganish,Oubeh Juun,4080,Whitefish,10-08-2023,,51.940921,-78.891068,Mixed,coclWASm_4080-23
Waskaganish,Oubeh Juun,4081,Whitefish,11-08-2023,,51.940921,-78.891068,Mixed,coclWASm_4081-23
Waskaganish,Oubeh Juun,4082,Whitefish,11-08-2023,,51.940921,-78.891068,Mixed,coclWASm_4082-23
Waskaganish,Oubeh Juun,4083,Whitefish,11-08-2023,,51.940921,-78.891068,Mixed,coclWASm_4083-23
Waskaganish,Oubeh Juun,4084,Whitefish,11-08-2023,,51.940921,-78.891068,Mixed,coclWASm_4084-23
Waskaganish,Oubeh Juun,4085,Whitefish,10-08-2023,,51.940921,-78.891068,Mixed,coclWASm_4085-23
Waskaganish,Oubeh Juun,4086,Whitefish,11-08-2023,,51.940921,-78.891068,Mixed,coclWASm_4086-23
Waskaganish,Oubeh Juun,4087,Whitefish,11-08-2023,,51.940921,-78.891068,Mixed,coclWASm_4087-23
Waskaganish,Oubeh Juun,4088,Whitefish,11-08-2023,,51.940921,-78.891068,Mixed,coclWASm_4088-23
Waskaganish,Oubeh Juun,4089,Whitefish,11-08-2023,,51.940921,-78.891068,Mixed,coclWASm_4089-23
Waskaganish,Oubeh Juun,4090,Whitefish,10-08-2023,,51.940921,-78.891068,Mixed,coclWASm_4090-23
Waskaganish,Oubeh Juun,4091,Whitefish,11-08-2023,,51.940921,-78.891068,Mixed,coclWASm_4091-23
Waskaganish,Oubeh Juun,4092,Whitefish,11-08-2023,,51.940921,-78.891068,Mixed,coclWASm_4092-23
Waskaganish,Oubeh Juun,4093,Whitefish,11-08-2023,,51.940921,-78.891068,Mixed,coclWASm_4093-23
Waskaganish,Oubeh Juun,4094,Whitefish,11-08-2023,,51.940921,-78.891068,Mixed,coclWASm_4094-23
Waskaganish,Oubeh Juun,4095,Whitefish,10-08-2023,,51.940921,-78.891068,Mixed,coclWASm_4095-23
Waskaganish,Oubeh Juun,4096,Whitefish,11-08-2023,,51.940921,-78.891068,Mixed,coclWASm_4096-23
Waskaganish,Oubeh Juun,4097,Whitefish,11-08-2023,,51.940921,-78.891068,Mixed,coclWASm_4097-23
Waskaganish,Oubeh Juun,4098,Whitefish,11-08-2023,,51.940921,-78.891068,Mixed,coclWASm_4098-23
Waskaganish,Oubeh Juun,4099,Whitefish,11-08-2023,,51.940921,-78.891068,Mixed,coclWASm_4099-23
Waskaganish,Oubeh Juun,4100,Whitefish,10-08-2023,,51.940921,-78.891068,Mixed,coclWASm_4100-23
Waskaganish,Oubeh Juun,3901,Whitefish,11-08-2023,,51.940921,-78.891068,Mixed,coclWASm_3901-23
Waskaganish,Oubeh Juun,3902,Whitefish,11-08-2023,,51.940921,-78.891068,Mixed,coclWASm_3902-23
Waskaganish,Oubeh Juun,3903,Whitefish,10-08-2023,,51.940921,-78.891068,Mixed,coclWASm_3903-23
Waskaganish,Oubeh Juun,3904,Whitefish,11-08-2023,,51.940921,-78.891068,Mixed,coclWASm_3904-23
Waskaganish,Oubeh Juun,3905,Whitefish,11-08-2023,,51.940921,-78.891068,Mixed,coclWASm_3905-23
Waskaganish,Oubeh Juun,3906,Whitefish,10-08-2023,,51.940921,-78.891068,Mixed,coclWASm_3906-23
Waskaganish,Oubeh Juun,3907,Whitefish,11-08-2023,,51.940921,-78.891068,Mixed,coclWASm_3907-23
Waskaganish,Oubeh Juun,3908,Whitefish,11-08-2023,,51.940921,-78.891068,Mixed,coclWASm_3908-23
Waskaganish,Oubeh Juun,3909,Whitefish,10-08-2023,,51.940921,-78.891068,Mixed,coclWASm_3909-23
Waskaganish,Oubeh Juun,3910,Whitefish,11-08-2023,,51.940921,-78.891068,Mixed,coclWASm_3910-23
Waskaganish,Oubeh Juun,3911,Whitefish,11-08-2023,,51.940921,-78.891068,Mixed,coclWASm_3911-23
Waskaganish,Oubeh Juun,3912,Whitefish,10-08-2023,,51.940921,-78.891068,Mixed,coclWASm_3912-23
Waskaganish,Oubeh Juun,3913,Whitefish,11-08-2023,,51.940921,-78.891068,Mixed,coclWASm_3913-23
Waskaganish,Oubeh Juun,3914,Whitefish,11-08-2023,,51.940921,-78.891068,Mixed,coclWASm_3914-23
Waskaganish,Oubeh Juun,3915,Whitefish,10-08-2023,,51.940921,-78.891068,Mixed,coclWASm_3915-23
Waskaganish,Oubeh Juun,3916,Whitefish,11-08-2023,,51.940921,-78.891068,Mixed,coclWASm_3916-23
Waskaganish,Oubeh Juun,3917,Whitefish,11-08-2023,,51.940921,-78.891068,Mixed,coclWASm_3917-23
Waskaganish,Oubeh Juun,3918,Whitefish,10-08-2023,,51.940921,-78.891068,Mixed,coclWASm_3918-23
Waskaganish,Oubeh Juun,3919,Whitefish,11-08-2023,,51.940921,-78.891068,Mixed,coclWASm_3919-23
Waskaganish,Oubeh Juun,3920,Whitefish,11-08-2023,,51.940921,-78.891068,Mixed,coclWASm_3920-23
Waskaganish,Oubeh Juun,3921,Whitefish,10-08-2023,,51.940921,-78.891068,Mixed,coclWASm_3921-23
Waskaganish,Oubeh Juun,3922,Whitefish,11-08-2023,,51.940921,-78.891068,Mixed,coclWASm_3922-23
Waskaganish,Oubeh Juun,3923,Whitefish,11-08-2023,,51.940921,-78.891068,Mixed,coclWASm_3923-23
Waskaganish,Oubeh Juun,3924,Whitefish,10-08-2023,,51.940921,-78.891068,Mixed,coclWASm_3924-23
Waskaganish,Oubeh Juun,3925,Whitefish,11-08-2023,,51.940921,-78.891068,Mixed,coclWASm_3925-23
Wemindji,Poplar river,1226,,14-09-2023,, 52.776684,-78.756648 ,Mixed,coclWASm_1226-23
Wemindji,Poplar river,1227,,14-09-2023,, 52.776685,-78.756648 ,Mixed,coclWASm_1227-23
Wemindji,Poplar river,1228,,14-09-2023,, 52.776686,-78.756648 ,Mixed,coclWASm_1228-23
Wemindji,Poplar river,1229,,14-09-2023,, 52.776687,-78.756648 ,Mixed,coclWASm_1229-23
Wemindji,Poplar river,1230,,14-09-2023,, 52.776688,-78.756648 ,Mixed,coclWASm_1230-23
Wemindji,Poplar river,1231,,14-09-2023,, 52.776689,-78.756648 ,Mixed,coclWASm_1231-23
Wemindji,Poplar river,1232,,14-09-2023,, 52.776690,-78.756648 ,Mixed,coclWASm_1232-23
Wemindji,Poplar river,1233,,14-09-2023,, 52.776691,-78.756648 ,Mixed,coclWASm_1233-23
Wemindji,Poplar river,1234,,14-09-2023,, 52.776692,-78.756648 ,Mixed,coclWASm_1234-23
Wemindji,Poplar river,1235,,14-09-2023,, 52.776693,-78.756648 ,Mixed,coclWASm_1235-23
Wemindji,Poplar river,1236,,14-09-2023,, 52.776694,-78.756648 ,Mixed,coclWASm_1236-23
Wemindji,Poplar river,1237,,14-09-2023,, 52.776695,-78.756648 ,Mixed,coclWASm_1237-23
Wemindji,Poplar river,1238,,14-09-2023,, 52.776696,-78.756648 ,Mixed,coclWASm_1238-23
Wemindji,Poplar river,1239,,14-09-2023,, 52.776697,-78.756648 ,Mixed,coclWASm_1239-23
Wemindji,Poplar river,1240,,14-09-2023,, 52.776698,-78.756648 ,Mixed,coclWASm_1240-23
Wemindji,Poplar river,1241,,14-09-2023,, 52.776699,-78.756648 ,Mixed,coclWASm_1241-23
Wemindji,Poplar river,1242,,14-09-2023,, 52.776700,-78.756648 ,Mixed,coclWASm_1242-23
Wemindji,Poplar river,1243,,14-09-2023,, 52.776701,-78.756648 ,Mixed,coclWASm_1243-23
Wemindji,Poplar river,1244,,14-09-2023,, 52.776702,-78.756648 ,Mixed,coclWASm_1244-23
Wemindji,Poplar river,1245,,14-09-2023,, 52.776703,-78.756648 ,Mixed,coclWASm_1245-23
Wemindji,Poplar river,1246,,14-09-2023,, 52.776704,-78.756648 ,Mixed,coclWASm_1246-23
Wemindji,Poplar river,1247,,14-09-2023,, 52.776705,-78.756648 ,Mixed,coclWASm_1247-23
Wemindji,Poplar river,1248,,14-09-2023,, 52.776706,-78.756648 ,Mixed,coclWASm_1248-23
Wemindji,Poplar river,1249,,14-09-2023,, 52.776707,-78.756648 ,Mixed,coclWASm_1249-23
Wemindji,Poplar river,1250,,14-09-2023,, 52.776708,-78.756648 ,Mixed,coclWASm_1250-23
Wemindji,Poplar river,1251,,14-09-2023,, 52.776709,-78.756648 ,Mixed,coclWASm_1251-23
Wemindji,Poplar river,1252,,14-09-2023,, 52.776710,-78.756648 ,Mixed,coclWASm_1252-23
Wemindji,Poplar river,1253,,14-09-2023,, 52.776711,-78.756648 ,Mixed,coclWASm_1253-23
Wemindji,Poplar river,1254,,14-09-2023,, 52.776712,-78.756648 ,Mixed,coclWASm_1254-23
Wemindji,Poplar river,1255,,14-09-2023,, 52.776713,-78.756648 ,Mixed,coclWASm_1255-23
Wemindji,Poplar river,1256,,14-09-2023,, 52.776714,-78.756648 ,Mixed,coclWASm_1256-23
Wemindji,Poplar river,1257,,14-09-2023,, 52.776715,-78.756648 ,Mixed,coclWASm_1257-23
Wemindji,Poplar river,1258,,14-09-2023,, 52.776716,-78.756648 ,Mixed,coclWASm_1258-23
Wemindji,Poplar river,1259,,14-09-2023,, 52.776717,-78.756648 ,Mixed,coclWASm_1259-23
Wemindji,Poplar river,1260,,14-09-2023,, 52.776718,-78.756648 ,Mixed,coclWASm_1260-23
Wemindji,Poplar river,1261,,14-09-2023,, 52.776719,-78.756648 ,Mixed,coclWASm_1261-23
Wemindji,Poplar river,1262,,14-09-2023,, 52.776720,-78.756648 ,Mixed,coclWASm_1262-23
Wemindji,Poplar river,1263,,14-09-2023,, 52.776721,-78.756648 ,Mixed,coclWASm_1263-23
Wemindji,Poplar river,1264,,14-09-2023,, 52.776722,-78.756648 ,Mixed,coclWASm_1264-23
Wemindji,Poplar river,1265,,14-09-2023,, 52.776723,-78.756648 ,Mixed,coclWASm_1265-23
Wemindji,Poplar river,1266,,14-09-2023,, 52.776724,-78.756648 ,Mixed,coclWASm_1266-23
Wemindji,Poplar river,1267,,14-09-2023,, 52.776725,-78.756648 ,Mixed,coclWASm_1267-23
Wemindji,Poplar river,1268,,14-09-2023,, 52.776726,-78.756648 ,Mixed,coclWASm_1268-23
Wemindji,Poplar river,1269,,14-09-2023,, 52.776727,-78.756648 ,Mixed,coclWASm_1269-23
Wemindji,Poplar river,1270,,14-09-2023,, 52.776728,-78.756648 ,Mixed,coclWASm_1270-23
Wemindji,Poplar river,1271,,14-09-2023,, 52.776729,-78.756648 ,Mixed,coclWASm_1271-23
Wemindji,Poplar river,1272,,14-09-2023,, 52.776730,-78.756648 ,Mixed,coclWASm_1272-23
Wemindji,Poplar river,1273,,14-09-2023,, 52.776731,-78.756648 ,Mixed,coclWASm_1273-23
Wemindji,Poplar river,1274,,14-09-2023,, 52.776732,-78.756648 ,Mixed,coclWASm_1274-23
Wemindji,Poplar river,1275,,14-09-2023,, 52.776733,-78.756648 ,Mixed,coclWASm_1275-23
Eastmain,Spit Island,5151,,18-08-2022,,52.3983,-78.5776,Mixed,coclWASm_5151-23
Eastmain,Spit Island,5152,,18-08-2022,,52.3983,-78.5776,Mixed,coclWASm_5152-23
Eastmain,Spit Island,5153,,18-08-2022,,52.3983,-78.5776,Mixed,coclWASm_5153-23
Eastmain,Spit Island,5154,,18-08-2022,,52.3983,-78.5776,Mixed,coclWASm_5154-23
Eastmain,Spit Island,5155,,18-08-2022,,52.3983,-78.5776,Mixed,coclWASm_5155-23
Eastmain,Spit Island,5156,,18-08-2022,,52.3983,-78.5776,Mixed,coclWASm_5156-23
Eastmain,Spit Island,5157,,18-08-2022,,52.3983,-78.5776,Mixed,coclWASm_5157-23
Eastmain,Spit Island,5158,,18-08-2022,,52.3983,-78.5776,Mixed,coclWASm_5158-23
Eastmain,Spit Island,5159,,18-08-2022,,52.3983,-78.5776,Mixed,coclWASm_5159-23
Eastmain,Spit Island,5160,,18-08-2022,,52.3983,-78.5776,Mixed,coclWASm_5160-23
Eastmain,Spit Island,5161,,18-08-2022,,52.3983,-78.5776,Mixed,coclWASm_5161-23
Eastmain,Spit Island,5162,,18-08-2022,,52.3983,-78.5776,Mixed,coclWASm_5162-23
Eastmain,Spit Island,5163,,18-08-2022,,52.3983,-78.5776,Mixed,coclWASm_5163-23
Eastmain,Spit Island,5164,,18-08-2022,,52.3983,-78.5776,Mixed,coclWASm_5164-23
Eastmain,Spit Island,5165,,18-08-2022,,52.3983,-78.5776,Mixed,coclWASm_5165-23
Eastmain,Spit Island,5166,,18-08-2022,,52.3983,-78.5776,Mixed,coclWASm_5166-23
Eastmain,Spit Island,5167,,18-08-2022,,52.3983,-78.5776,Mixed,coclWASm_5167-23
Eastmain,Spit Island,5168,,18-08-2022,,52.3983,-78.5776,Mixed,coclWASm_5168-23
Eastmain,Spit Island,5169,,18-08-2022,,52.3983,-78.5776,Mixed,coclWASm_5169-23
Eastmain,Spit Island,5170,,18-08-2022,,52.3983,-78.5776,Mixed,coclWASm_5170-23
Eastmain,Spit Island,5171,,18-08-2022,,52.3983,-78.5776,Mixed,coclWASm_5171-23
Eastmain,Spit Island,5172,,18-08-2022,,52.3983,-78.5776,Mixed,coclWASm_5172-23
Eastmain,Spit Island,5173,,18-08-2022,,52.3983,-78.5776,Mixed,coclWASm_5173-23
Eastmain,Spit Island,5174,,18-08-2022,,52.3983,-78.5776,Mixed,coclWASm_5174-23
Eastmain,Spit Island,5175,,18-08-2022,,52.3983,-78.5776,Mixed,coclWASm_5175-23